Freq(hz);Magnitude
0,0.0253902681207601;
0.111111111111111,0.0271917762600113;
0.222222222222222,0.0275528498050237;
0.333333333333333,0.0550349279866064;
0.444444444444444,0.0448163145283804;
0.555555555555556,0.0370712059124867;
0.666666666666667,0.118437811953234;
0.777777777777778,1;
0.888888888888889,0.41782271348759;
1,0.211488177441903;
1.11111111111111,0.0606657523104417;
1.22222222222222,0.130186837352844;
1.33333333333333,0.0691445719133325;
1.44444444444444,0.0539460438041922;
1.55555555555556,0.0415852897501237;
1.66666666666667,0.00915721556294797;
1.77777777777778,0.0624649446393832;
1.88888888888889,0.0123770279908319;
2,0.0446910216317439;
2.11111111111111,0.021851131427282;
2.22222222222222,0.0390481247038576;
2.33333333333333,0.0301950961609876;
2.44444444444444,0.109541530769981;
2.55555555555556,0.0698105234201105;
2.66666666666667,0.0887623093555863;
2.77777777777778,0.0691857673879304;
2.88888888888889,0.136724038294471;
3,0.170447983556095;
3.11111111111111,0.100856148797328;
3.22222222222222,0.0367047482977091;
3.33333333333333,0.0202046877445877;
3.44444444444444,0.0818494904864966;
3.55555555555556,0.0352599676603746;
3.66666666666667,0.0262718295651147;
3.77777777777778,0.0838132908933821;
3.88888888888889,0.0578151785496031;
4,0.0420788595312617;
4.11111111111111,0.0202834446325152;
4.22222222222222,0.0195149139295835;
4.33333333333333,0.0352663178810121;
4.44444444444444,0.0334222381334552;
4.55555555555556,0.0328672095686741;
4.66666666666667,0.030424311494357;
4.77777777777778,0.0530323177910444;
4.88888888888889,0.0288218610569656;
5,0.039073616745187;
5.11111111111111,0.00992511523691679;
5.22222222222222,0.0427877978036146;
5.33333333333333,0.131750341186764;
5.44444444444444,0.090952598728434;
5.55555555555556,0.067800484971837;
5.66666666666667,0.0311371655552434;
5.77777777777778,0.0505939675034063;
5.88888888888889,0.0167043133705654;
6,0.16578102645049;
6.11111111111111,0.0492807204892409;
6.22222222222222,0.0165986028086983;
6.33333333333333,0.0348187054972726;
6.44444444444444,0.0205174504787392;
6.55555555555556,0.0259367349349239;
6.66666666666667,0.058609462917944;
6.77777777777778,0.0537426327516643;
6.88888888888889,0.0209824484442053;
7,0.037326831913976;
7.11111111111111,0.0588925087735706;
7.22222222222222,0.0775402982305531;
7.33333333333333,0.0621460722362957;
7.44444444444444,0.00555817906055824;
7.55555555555556,0.0585770199583364;
7.66666666666667,0.0159332636426252;
7.77777777777778,0.015091151827212;
7.88888888888889,0.0124594845374719;
8,0.0337135334726385;
8.11111111111111,0.040390650025876;
8.22222222222222,0.0401706329880595;
8.33333333333333,0.0273184060503551;
8.44444444444444,0.0421354859598595;
8.55555555555556,0.0445845274579117;
8.66666666666667,0.0180969069172557;
8.77777777777778,0.0314255336551633;
8.88888888888889,0.148026167570535;
9,0.0553794396594786;
9.11111111111111,0.0710794038429637;
9.22222222222222,0.00725277929295746;
9.33333333333333,0.0627435901262444;
9.44444444444444,0.141466433147014;
9.55555555555556,0.285810930812865;
9.66666666666667,0.0806700668438449;
9.77777777777778,0.00485473889750788;
9.88888888888889,0.0370835793258846;
10,0.0512510415374113;
10.1111111111111,0.0569249569481565;
10.2222222222222,0.0125050549298082;
10.3333333333333,0.0355296807790396;
10.4444444444444,0.00611340196868022;
10.5555555555556,0.0061651957901428;
10.6666666666667,0.0621595841985609;
10.7777777777778,0.0281444101646812;
10.8888888888889,0.00372250183719947;
11,0.0283580645477153;
11.1111111111111,0.0318169282462258;
11.2222222222222,0.0271989844733831;
11.3333333333333,0.019247313049897;
11.4444444444444,0.0222032575015544;
11.5555555555556,0.0396086378641502;
11.6666666666667,0.200583350347748;
11.7777777777778,0.0925085556402334;
11.8888888888889,0.164689576670067;
12,0.10414019857723;
12.1111111111111,0.0475469360257972;
12.2222222222222,0.00879065966049141;
12.3333333333333,0.0194370184377912;
12.4444444444444,0.00366477892183378;
12.5555555555556,0.0324400092494751;
12.6666666666667,0.0242899198878971;
12.7777777777778,0.0176391455564846;
12.8888888888889,0.0175645334547269;
13,0.0135326315967128;
13.1111111111111,0.0204898057626003;
13.2222222222222,0.00459299695548331;
13.3333333333333,0.049654915303896;
13.4444444444444,0.0490377053398092;
13.5555555555556,0.0087201563718963;
13.6666666666667,0.0195385155086221;
13.7777777777778,0.0139714223345183;
13.8888888888889,0.0212536317713677;
14,0.0203716537688371;
14.1111111111111,0.0265596955843297;
14.2222222222222,0.0107643326071215;
14.3333333333333,0.0301714117910154;
14.4444444444444,0.0202498528656723;
14.5555555555556,0.0288458335202992;
14.6666666666667,0.0111175772778777;
14.7777777777778,0.0163233739457695;
14.8888888888889,0.0255045807000896;
15,0.0389839776113452;
15.1111111111111,0.0226181782691887;
15.2222222222222,0.0169271295977179;
15.3333333333333,0.0152041750350029;
15.4444444444444,0.00919006766239976;
15.5555555555556,0.0401426787606714;
15.6666666666667,0.0353806570286394;
15.7777777777778,0.0571636025555421;
15.8888888888889,0.0958467214454981;
16,0.122876639490401;
16.1111111111111,0.0747649661354339;
16.2222222222222,0.0405033628630653;
16.3333333333333,0.039893175918263;
16.4444444444444,0.0316045188346822;
16.5555555555556,0.0191210633048084;
16.6666666666667,0.0228950848804628;
16.7777777777778,0.0211350532712893;
16.8888888888889,0.0115730442019982;
17,0.0189190778194929;
17.1111111111111,0.00999727307460149;
17.2222222222222,0.0116445151953202;
17.3333333333333,0.0393148168225288;
17.4444444444444,0.0598831922798165;
17.5555555555556,0.0732170998927454;
17.6666666666667,0.030874093962467;
17.7777777777778,0.0224545481006729;
17.8888888888889,0.028298395501774;
18,0.0169475943129421;
18.1111111111111,0.066540920663454;
18.2222222222222,0.0214470295762761;
18.3333333333333,0.0283777591908007;
18.4444444444444,0.0309874012069294;
18.5555555555556,0.0444892768197324;
18.6666666666667,0.0215689703690131;
18.7777777777778,0.0120992232169465;
18.8888888888889,0.0382491079695367;
19,0.0883859961442139;
19.1111111111111,0.0302553252979837;
19.2222222222222,0.0463712927893539;
19.3333333333333,0.0246918808384538;
19.4444444444444,0.0405155311328946;
19.5555555555556,0.0378893552088988;
19.6666666666667,0.00566648165499041;
19.7777777777778,0.0111194010661061;
19.8888888888889,0.0431876635694765;
20,0.0778837211388373;
20.1111111111111,0.0525612558875553;
20.2222222222222,0.0238212623603007;
20.3333333333333,0.0273795754517364;
20.4444444444444,0.0451700539862154;
20.5555555555556,0.0689687765945469;
20.6666666666667,0.0195836391827767;
20.7777777777778,0.0197434568446987;
20.8888888888889,0.130119663699311;
21,0.119417923730156;
21.1111111111111,0.0153867254529408;
21.2222222222222,0.0408040762744986;
21.3333333333333,0.0707623001811354;
21.4444444444444,0.0793333777105001;
21.5555555555556,0.0620848613526727;
21.6666666666667,0.00536724828330034;
21.7777777777778,0.0253521931396006;
21.8888888888889,0.060519574730407;
22,0.0368340034858553;
22.1111111111111,0.0291898542591718;
22.2222222222222,0.0172214664432995;
22.3333333333333,0.016373890923797;
22.4444444444444,0.0424390126164393;
22.5555555555556,0.0395806519455229;
22.6666666666667,0.0542959025640158;
22.7777777777778,0.0202133466870262;
22.8888888888889,0.0186659240295206;
23,0.0699647117203022;
23.1111111111111,0.0274547482013782;
23.2222222222222,0.0364353731072879;
23.3333333333333,0.0494574984363686;
23.4444444444444,0.0304508452196852;
23.5555555555556,0.0432706689853228;
23.6666666666667,0.0522626725101407;
23.7777777777778,0.0230939490848622;
23.8888888888889,0.055389277019851;
24,0.0258167337589073;
24.1111111111111,0.0226468918263776;
24.2222222222222,0.0168637387620743;
24.3333333333333,0.0125981793362622;
24.4444444444444,0.0112726384486059;
24.5555555555556,0.0161029762411789;
24.6666666666667,0.0279426980320091;
24.7777777777778,0.0145759341023386;
24.8888888888889,0.00246754571341371;
25,0.0190786893577336;
25.1111111111111,0.0242292423879635;
25.2222222222222,0.0100720014254999;
25.3333333333333,0.0269044671519734;
25.4444444444444,0.0131413088342414;
25.5555555555556,0.0135642554458505;
25.6666666666667,0.0157177071907143;
25.7777777777778,0.00339791653895617;
25.8888888888889,0.00524474960432401;
26,0.0142449884526671;
26.1111111111111,0.0123668417301361;
26.2222222222222,0.00226915084350818;
26.3333333333333,0.0102233290030147;
26.4444444444444,0.0292960780953663;
26.5555555555556,0.0126399519425788;
26.6666666666667,0.00604305588797703;
26.7777777777778,0.0188735413525389;
26.8888888888889,0.00323323621827963;
27,0.0116527634875231;
27.1111111111111,0.018474204977137;
27.2222222222222,0.00739651416638514;
27.3333333333333,0.00686290101865278;
27.4444444444444,0.0204421559467999;
27.5555555555556,0.0102033215554817;
27.6666666666667,0.00836067980507677;
27.7777777777778,0.0206722407067604;
27.8888888888889,0.0110900894635085;
28,0.0178217076940803;
28.1111111111111,0.00980074660720714;
28.2222222222222,0.00924815952139149;
28.3333333333333,0.00552416153182009;
28.4444444444444,0.0120449624877321;
28.5555555555556,0.0163425765349066;
28.6666666666667,0.00599584417919147;
28.7777777777778,0.00731571792568384;
28.8888888888889,0.0121989802664531;
29,0.00418614518310851;
29.1111111111111,0.00746375141162263;
29.2222222222222,0.0124441430322852;
29.3333333333333,0.00919299265827909;
29.4444444444444,0.015400544596658;
29.5555555555556,0.00697987203514856;
29.6666666666667,0.0200869613500516;
29.7777777777778,0.0095377199173637;
29.8888888888889,0.00831052479866742;
30,0.0157823336646391;
30.1111111111111,0.00547513619686945;
30.2222222222222,0.00873142269700659;
30.3333333333333,0.0122757128664867;
30.4444444444444,0.00867303901574389;
30.5555555555556,0.0101303447426361;
30.6666666666667,0.0122033342393277;
30.7777777777778,0.0136238416789144;
30.8888888888889,0.0087094371376544;
31,0.0200883653241379;
31.1111111111111,0.0131312273829126;
31.2222222222222,0.0111582595493949;
31.3333333333333,0.00703886713583022;
31.4444444444444,0.011529368850711;
31.5555555555556,0.0109133119216815;
31.6666666666667,0.00559431863705563;
31.7777777777778,0.0176001109798593;
31.8888888888889,0.0139677879717233;
32,0.0108494242571385;
32.1111111111111,0.0104128123116844;
32.2222222222222,0.00984070545307193;
32.3333333333333,0.00372162058304076;
32.4444444444444,0.00707740679986821;
32.5555555555556,0.0155681002664684;
32.6666666666667,0.00669243744184181;
32.7777777777778,0.00631505452046686;
32.8888888888889,0.00535130422942284;
33,0.0164483350488383;
33.1111111111111,0.0126592274692691;
33.2222222222222,0.013003569037245;
33.3333333333333,0.00774370975460792;
33.4444444444444,0.00611414591049443;
33.5555555555556,0.0146585507756308;
33.6666666666667,0.00492369570008981;
33.7777777777778,0.0145778168399773;
33.8888888888889,0.00775023633818668;
34,0.0048795624467214;
34.1111111111111,0.00834824524472668;
34.2222222222222,0.0205808553946222;
34.3333333333333,0.0110764594991024;
34.4444444444444,0.00413164135575161;
34.5555555555556,0.0168795854321047;
34.6666666666667,0.00525699258700607;
34.7777777777778,0.0118622876902359;
34.8888888888889,0.0100344189011195;
35,0.0163202029425059;
35.1111111111111,0.00515128517985484;
35.2222222222222,0.00919404236315146;
35.3333333333333,0.00675541554445292;
35.4444444444444,0.0117162280133228;
35.5555555555556,0.00258574331404274;
35.6666666666667,0.0114881256496528;
35.7777777777778,0.00643623773284248;
35.8888888888889,0.00881938516797185;
36,0.00245491063904883;
36.1111111111111,0.00692924135707532;
36.2222222222222,0.00300580359724809;
36.3333333333333,0.0152461764285226;
36.4444444444444,0.00697984752601648;
36.5555555555556,0.00234626409283033;
36.6666666666667,0.00840101095244064;
36.7777777777778,0.0105355963034405;
36.8888888888889,0.00589112449032919;
37,0.00568980287015204;
37.1111111111111,0.00312023771817714;
37.2222222222222,0.00183765769831357;
37.3333333333333,0.002913598658451;
37.4444444444444,0.00133520658599594;
37.5555555555556,0.00474494993219731;
37.6666666666667,0.0022725296338104;
37.7777777777778,0.00954914860036792;
37.8888888888889,0.00631135480975543;
38,0.00718776859423457;
38.1111111111111,0.00710518823079648;
38.2222222222222,0.00571619182815503;
38.3333333333333,0.00595720961543471;
38.4444444444444,0.000641493699265858;
38.5555555555556,0.00766551214679393;
38.6666666666667,0.00412561448902346;
38.7777777777778,0.0064945024350481;
38.8888888888889,0.0095959282786013;
39,0.00608203385135011;
39.1111111111111,0.0124121450781097;
39.2222222222222,0.0115285137994523;
39.3333333333333,0.00538027422026439;
39.4444444444444,0.00295732844686106;
39.5555555555556,0.0206372015253292;
39.6666666666667,0.0118679068636792;
39.7777777777778,0.000786332850029698;
39.8888888888889,0.014524267457222;
40,0.00514575523128295;
40.1111111111111,0.00850283819917017;
40.2222222222222,0.00164597887156759;
40.3333333333333,0.00468979391316218;
40.4444444444444,0.00613160990182201;
40.5555555555556,0.00438827048491728;
40.6666666666667,0.0107575849921615;
40.7777777777778,0.0171043370603089;
40.8888888888889,0.00820352783907719;
41,0.00796644109570351;
41.1111111111111,0.00736877226259225;
41.2222222222222,0.00398680149425852;
41.3333333333333,0.00410569562335823;
41.4444444444444,0.0112054519038475;
41.5555555555556,0.00133761063499057;
41.6666666666667,0.00368741723948469;
41.7777777777778,0.0146716724657785;
41.8888888888889,0.0136979476916282;
42,0.00923162246439986;
42.1111111111111,0.00630013856366037;
42.2222222222222,0.0102073302731719;
42.3333333333333,0.00879069832575197;
42.4444444444444,0.00466691721419358;
42.5555555555556,0.00414470963671161;
42.6666666666667,0.0120846121428245;
42.7777777777778,0.00817606897788799;
42.8888888888889,0.00396846399977487;
43,0.00403639298153824;
43.1111111111111,0.00949151742449875;
43.2222222222222,0.00951864767937254;
43.3333333333333,0.0104759800803026;
43.4444444444444,0.00456581867165653;
43.5555555555556,0.00653974590259025;
43.6666666666667,0.00710414045656702;
43.7777777777778,0.000998220154771206;
43.8888888888889,0.0104367983166032;
44,0.0107281732136217;
44.1111111111111,0.0036245293075749;
44.2222222222222,0.00617993033329747;
44.3333333333333,0.00446306743888941;
44.4444444444444,0.0127224882339804;
44.5555555555556,0.00965889405673285;
44.6666666666667,0.00353483214542614;
44.7777777777778,0.00948140904846279;
44.8888888888889,0.0130677546058766;
45,0.00585321971755853;
45.1111111111111,0.0123583750922675;
45.2222222222222,0.00483092508035272;
45.3333333333333,0.0138810216735473;
45.4444444444444,0.00852571545081213;
45.5555555555556,0.00534598177826963;
45.6666666666667,0.00680730970043123;
45.7777777777778,0.00765024348826802;
45.8888888888889,0.00513955388731315;
46,0.0094125474884705;
46.1111111111111,0.00724177994505298;
46.2222222222222,0.00303336139199367;
46.3333333333333,0.00675857171641421;
46.4444444444444,0.0056440142156016;
46.5555555555556,0.0014417127912997;
46.6666666666667,0.00536667862467395;
46.7777777777778,0.00462849357376126;
46.8888888888889,0.00403550922423162;
47,0.00361892127056385;
47.1111111111111,0.00391709849593972;
47.2222222222222,0.00366217744420252;
47.3333333333333,0.00367228548686417;
47.4444444444444,0.00374389229336232;
47.5555555555556,0.00360990501946858;
47.6666666666667,0.00352093354126887;
47.7777777777778,0.00360290275880807;
47.8888888888889,0.00353191380760423;
48,0.00352883646280435;
48.1111111111111,0.00354519936201601;
48.2222222222222,0.00347278498103733;
48.3333333333333,0.00344257445612666;
48.4444444444444,0.00347765388149304;
48.5555555555556,0.00344641122161533;
48.6666666666667,0.00343989602503933;
48.7777777777778,0.0034324076450486;
48.8888888888889,0.00339314518935295;
49,0.00338257264953364;
49.1111111111111,0.00338994527169869;
49.2222222222222,0.00337891293857086;
49.3333333333333,0.00336668363078482;
49.4444444444444,0.00334996193359665;
49.5555555555556,0.00333592736393513;
49.6666666666667,0.00332802902991396;
49.7777777777778,0.00332363560767175;
49.8888888888889,0.00331520783324064;
50,0.00330399943037906;
50.1111111111111,0.00329013640776891;
50.2222222222222,0.00328651567985919;
50.3333333333333,0.00327139926277639;
50.4444444444444,0.00326723179665824;
50.5555555555556,0.00326068852324831;
50.6666666666667,0.00324900439886955;
50.7777777777778,0.003230583064355;
50.8888888888889,0.00323469650340899;
51,0.00321833579863041;
51.1111111111111,0.00320788931902959;
51.2222222222222,0.00320708633013769;
51.3333333333333,0.00319374989798909;
51.4444444444444,0.00318540687340545;
51.5555555555556,0.00318345311420758;
51.6666666666667,0.00316872967282982;
51.7777777777778,0.00316411833604387;
51.8888888888889,0.0031562215963888;
52,0.00314762823248327;
52.1111111111111,0.00313698597316309;
52.2222222222222,0.00313094098303133;
52.3333333333333,0.00311994551240285;
52.4444444444444,0.00311262355795391;
52.5555555555556,0.00310601633838947;
52.6666666666667,0.00309987832777402;
52.7777777777778,0.00309224518752916;
52.8888888888889,0.00308227947591351;
53,0.00307537081921399;
53.1111111111111,0.00307000256649836;
53.2222222222222,0.00306082149261423;
53.3333333333333,0.0030564774410831;
53.4444444444444,0.00305010958505937;
53.5555555555556,0.00304376455708346;
53.6666666666667,0.00303460950764783;
53.7777777777778,0.003027347473538;
53.8888888888889,0.00302265850072172;
54,0.00301574643467166;
54.1111111111111,0.00300476150005374;
54.2222222222222,0.00300155159351924;
54.3333333333333,0.00299553251727917;
54.4444444444444,0.00298778610778342;
54.5555555555556,0.00297803406779463;
54.6666666666667,0.00297423878729208;
54.7777777777778,0.00296634858233721;
54.8888888888889,0.00295811295267499;
55,0.0029561595673933;
55.1111111111111,0.00294818979474759;
55.2222222222222,0.00293990508207523;
55.3333333333333,0.00293650993047084;
55.4444444444444,0.00292421499319915;
55.5555555555556,0.00292204466103102;
55.6666666666667,0.00291664139433231;
55.7777777777778,0.00291191894288285;
55.8888888888889,0.00290296326565478;
56,0.0028962036556396;
56.1111111111111,0.00289265021188511;
56.2222222222222,0.00288365193816878;
56.3333333333333,0.0028791429135254;
56.4444444444444,0.00287245846250241;
56.5555555555556,0.00286555943089417;
56.6666666666667,0.00285782459375185;
56.7777777777778,0.00285691549894467;
56.8888888888889,0.00285025460795639;
57,0.00284460447663547;
57.1111111111111,0.00283622998715351;
57.2222222222222,0.00283328991675579;
57.3333333333333,0.0028252669885314;
57.4444444444444,0.0028209582172091;
57.5555555555556,0.00281407850274333;
57.6666666666667,0.0028071043752673;
57.7777777777778,0.00280330212208089;
57.8888888888889,0.00279775376938012;
58,0.00279147631884152;
58.1111111111111,0.00278525794331004;
58.2222222222222,0.00278402845593853;
58.3333333333333,0.00277612527295484;
58.4444444444444,0.00276918387481573;
58.5555555555556,0.00276433473680226;
58.6666666666667,0.00275801078415645;
58.7777777777778,0.0027549098081758;
58.8888888888889,0.00274753339027136;
59,0.0027432102669464;
59.1111111111111,0.00273919858873195;
59.2222222222222,0.00273126215095854;
59.3333333333333,0.00272924304052663;
59.4444444444444,0.00272147281562508;
59.5555555555556,0.00271692737664825;
59.6666666666667,0.0027096242129619;
59.7777777777778,0.00270524931765687;
59.8888888888889,0.00269890391773106;
60,0.00269237525896342;
60.1111111111111,0.00268900615325065;
60.2222222222222,0.00268563872828307;
60.3333333333333,0.00268252127731221;
60.4444444444444,0.00267469593499091;
60.5555555555556,0.00266981588268588;
60.6666666666667,0.00266647900572785;
60.7777777777778,0.0026610833101378;
60.8888888888889,0.00265769580197661;
61,0.00265153748148336;
61.1111111111111,0.00264518280377588;
61.2222222222222,0.00264284201581703;
61.3333333333333,0.00263626536266728;
61.4444444444444,0.00263056803106143;
61.5555555555556,0.00262999891477656;
61.6666666666667,0.00262439563451321;
61.7777777777778,0.00261700068442561;
61.8888888888889,0.0026104381412218;
62,0.0026066026945496;
62.1111111111111,0.00260132910542717;
62.2222222222222,0.00260019153396076;
62.3333333333333,0.00259304134134582;
62.4444444444444,0.00259243871491945;
62.5555555555556,0.00258763148894948;
62.6666666666667,0.00258084899716686;
62.7777777777778,0.00257611988441176;
62.8888888888889,0.00257212897862506;
63,0.00256733750027432;
63.1111111111111,0.00256051922172635;
63.2222222222222,0.00255943478742088;
63.3333333333333,0.00255172052977491;
63.4444444444444,0.00255380677501666;
63.5555555555556,0.00254285229783099;
63.6666666666667,0.00253822434213105;
63.7777777777778,0.00253724051000819;
63.8888888888889,0.0025294154733625;
64,0.00252568483304991;
64.1111111111111,0.00252416346286412;
64.2222222222222,0.00251710939203596;
64.3333333333333,0.00251379292352271;
64.4444444444444,0.00250990549980096;
64.5555555555556,0.00250530784113294;
64.6666666666667,0.0025008546119758;
64.7777777777778,0.00249509396018092;
64.8888888888889,0.00249248012795567;
65,0.00248828493289186;
65.1111111111111,0.00248573266464516;
65.2222222222222,0.00248077916437052;
65.3333333333333,0.0024773427870344;
65.4444444444444,0.00247199605814811;
65.5555555555556,0.00246838979988888;
65.6666666666667,0.00246206550577232;
65.7777777777778,0.00245914727917934;
65.8888888888889,0.00245683940398102;
66,0.00245137797822578;
66.1111111111111,0.00244996215663998;
66.2222222222222,0.00244244887768425;
66.3333333333333,0.00243999828650537;
66.4444444444444,0.00243506584192137;
66.5555555555556,0.00243273581886269;
66.6666666666667,0.00242677421863625;
66.7777777777778,0.00242555039833158;
66.8888888888889,0.00241946242587244;
67,0.00241583313585716;
67.1111111111111,0.00241024487713322;
67.2222222222222,0.00240840699580682;
67.3333333333333,0.00240297640695208;
67.4444444444444,0.00239931655165035;
67.5555555555556,0.00239505300083747;
67.6666666666667,0.00239230253870087;
67.7777777777778,0.00238730516534062;
67.8888888888889,0.00238455260985242;
68,0.00238068307670248;
68.1111111111111,0.00237664891285036;
68.2222222222222,0.00237266827635323;
68.3333333333333,0.00236913945426552;
68.4444444444444,0.00236828141214978;
68.5555555555556,0.00236209785312466;
68.6666666666667,0.00235976328134058;
68.7777777777778,0.00235467841377732;
68.8888888888889,0.00235168714952595;
69,0.00234930400566353;
69.1111111111111,0.00234302118477045;
69.2222222222222,0.00234373833705274;
69.3333333333333,0.00233750213734742;
69.4444444444444,0.00233203112323599;
69.5555555555556,0.00233159283304268;
69.6666666666667,0.00232841428985799;
69.7777777777778,0.00232205885728689;
69.8888888888889,0.00231908000152277;
70,0.00231501341168352;
70.1111111111111,0.00231194729445047;
70.2222222222222,0.00231088743104496;
70.3333333333333,0.00230534575699686;
70.4444444444444,0.00230323444033774;
70.5555555555556,0.0022973302467357;
70.6666666666667,0.00229474976192317;
70.7777777777778,0.00229407585821473;
70.8888888888889,0.0022869944387414;
71,0.00228485752489212;
71.1111111111111,0.00228190259476723;
71.2222222222222,0.00227861212687411;
71.3333333333333,0.00227544486970889;
71.4444444444444,0.00226834156540501;
71.5555555555556,0.00226536962219786;
71.6666666666667,0.00226492977435287;
71.7777777777778,0.00226247107611596;
71.8888888888889,0.00225700727524146;
72,0.00225447885691785;
72.1111111111111,0.00225220050929199;
72.2222222222222,0.00224804016643738;
72.3333333333333,0.00224862817866607;
72.4444444444444,0.00224109946075286;
72.5555555555556,0.00223721867811364;
72.6666666666667,0.00223295017116975;
72.7777777777778,0.0022349868307508;
72.8888888888889,0.00223055558152638;
73,0.00222728689204265;
73.1111111111111,0.00222386708231859;
73.2222222222222,0.0022216204139584;
73.3333333333333,0.00221726879806496;
73.4444444444444,0.00221318381017134;
73.5555555555556,0.00221067212353206;
73.6666666666667,0.00220639254660745;
73.7777777777778,0.00220289317583333;
73.8888888888889,0.00220087315881517;
74,0.00219899988440729;
74.1111111111111,0.00219307470540558;
74.2222222222222,0.00219236686209015;
74.3333333333333,0.00218856579962994;
74.4444444444444,0.00218491303335357;
74.5555555555556,0.00218349274383439;
74.6666666666667,0.0021788328120245;
74.7777777777778,0.0021776237650885;
74.8888888888889,0.00217336440651425;
75,0.00217072656117641;
75.1111111111111,0.00216540170298977;
75.2222222222222,0.00216437801215597;
75.3333333333333,0.00216279641276633;
75.4444444444444,0.00215979102059672;
75.5555555555556,0.0021539972781907;
75.6666666666667,0.00215308270947295;
75.7777777777778,0.00214929297714493;
75.8888888888889,0.00214524462934811;
76,0.00214383601129504;
76.1111111111111,0.00213962076481772;
76.2222222222222,0.00213735895358353;
76.3333333333333,0.00213401702393588;
76.4444444444444,0.00213025193504339;
76.5555555555556,0.00212999589495388;
76.6666666666667,0.00212822510603264;
76.7777777777778,0.00212303370535238;
76.8888888888889,0.00212032664223363;
77,0.00211967732575369;
77.1111111111111,0.00211388455047961;
77.2222222222222,0.0021104514478022;
77.3333333333333,0.0021102382721529;
77.4444444444444,0.0021076869393138;
77.5555555555556,0.00210225611230722;
77.6666666666667,0.00210153449010046;
77.7777777777778,0.00209801490439735;
77.8888888888889,0.00209799666972336;
78,0.00209253353798283;
78.1111111111111,0.00208837800456801;
78.2222222222222,0.00208754247054756;
78.3333333333333,0.00208469183531898;
78.4444444444444,0.0020799627692073;
78.5555555555556,0.00207750850081866;
78.6666666666667,0.00207329063048621;
78.7777777777778,0.0020725133354649;
78.8888888888889,0.00206815892475043;
79,0.00207113340841468;
79.1111111111111,0.00206773285833579;
79.2222222222222,0.00206306051529;
79.3333333333333,0.00206003343100772;
79.4444444444444,0.00205822053711044;
79.5555555555556,0.00205586395064332;
79.6666666666667,0.00205264691599127;
79.7777777777778,0.00204857474526342;
79.8888888888889,0.00205125968122802;
80,0.00204526321066394;
80.1111111111111,0.00204133561723223;
80.2222222222222,0.00203851136557393;
80.3333333333333,0.00203896682968373;
80.4444444444444,0.00203237411584138;
80.5555555555556,0.00203232411060398;
80.6666666666667,0.00202993793940911;
80.7777777777778,0.00202749575253956;
80.8888888888889,0.00202562681305028;
81,0.00202319025074196;
81.1111111111111,0.00201945531822405;
81.2222222222222,0.00201552743109529;
81.3333333333333,0.00201580868501302;
81.4444444444444,0.00201154175973658;
81.5555555555556,0.00201014420065519;
81.6666666666667,0.00200812625555338;
81.7777777777778,0.00200195603176372;
81.8888888888889,0.00200275362091123;
82,0.00200113955356098;
82.1111111111111,0.00199834540307645;
82.2222222222222,0.001999296127227;
82.3333333333333,0.00199507296218278;
82.4444444444444,0.00198961140335359;
82.5555555555556,0.00198811133630919;
82.6666666666667,0.00198681757342883;
82.7777777777778,0.0019859067713986;
82.8888888888889,0.00198003776120803;
83,0.00197887624652083;
83.1111111111111,0.00197679984880032;
83.2222222222222,0.00197311054598476;
83.3333333333333,0.00197022555146072;
83.4444444444444,0.00196807387537408;
83.5555555555556,0.00196739327024035;
83.6666666666667,0.00196459429265665;
83.7777777777778,0.00196244402902553;
83.8888888888889,0.00196070935655682;
84,0.00195761002592489;
84.1111111111111,0.00195757160471275;
84.2222222222222,0.00195476410514151;
84.3333333333333,0.00195343826896971;
84.4444444444444,0.0019492307676894;
84.5555555555556,0.00194763074475079;
84.6666666666667,0.00194557780935972;
84.7777777777778,0.00193987785173727;
84.8888888888889,0.00193884422911034;
85,0.00193484720672177;
85.1111111111111,0.00193456418403151;
85.2222222222222,0.00193498838462537;
85.3333333333333,0.00192985227929641;
85.4444444444444,0.00192917963052862;
85.5555555555556,0.0019266340882812;
85.6666666666667,0.00192296753039606;
85.7777777777778,0.00192196330191045;
85.8888888888889,0.00191912098951961;
86,0.00191623458943884;
86.1111111111111,0.00191900698640115;
86.2222222222222,0.00191347970815425;
86.3333333333333,0.00191454504544604;
86.4444444444444,0.00191099215741531;
86.5555555555556,0.00190924793713436;
86.6666666666667,0.00190728411749606;
86.7777777777778,0.00189842019381184;
86.8888888888889,0.00189952907751967;
87,0.0018990597715356;
87.1111111111111,0.00189538313252725;
87.2222222222222,0.00189438375020479;
87.3333333333333,0.00189253880417021;
87.4444444444444,0.00189017137363441;
87.5555555555556,0.00188778074403972;
87.6666666666667,0.00188573034775458;
87.7777777777778,0.00188244383702268;
87.8888888888889,0.00188033467384596;
88,0.00188039234039787;
88.1111111111111,0.0018763888106272;
88.2222222222222,0.00187614373238188;
88.3333333333333,0.00187281184707663;
88.4444444444444,0.00187150834146756;
88.5555555555556,0.00187046001393311;
88.6666666666667,0.00186702531984871;
88.7777777777778,0.00186418870998302;
88.8888888888889,0.00186604058460801;
89,0.00186384214247545;
89.1111111111111,0.00185884755424794;
89.2222222222222,0.00185663824615035;
89.3333333333333,0.00185632345341134;
89.4444444444444,0.00185492563562785;
89.5555555555556,0.00185215572483596;
89.6666666666667,0.00184940385610602;
89.7777777777778,0.0018446561376029;
89.8888888888889,0.00184492752380869;
90,0.00184175970869814;
90.1111111111111,0.00184113912075327;
90.2222222222222,0.00183944418049521;
90.3333333333333,0.00183830639234294;
90.4444444444444,0.00183368509954997;
90.5555555555556,0.00183460101955968;
90.6666666666667,0.00183105864045397;
90.7777777777778,0.00182991532173704;
90.8888888888889,0.00183031656909255;
91,0.00182671073168453;
91.1111111111111,0.00182265987545284;
91.2222222222222,0.00182398206467538;
91.3333333333333,0.00181904980548442;
91.4444444444444,0.00181686249832548;
91.5555555555556,0.00181670970259028;
91.6666666666667,0.00181017788761522;
91.7777777777778,0.00181365892626523;
91.8888888888889,0.00180779811500807;
92,0.0018094071442354;
92.1111111111111,0.00180730100113962;
92.2222222222222,0.00180544871537094;
92.3333333333333,0.00180386418383981;
92.4444444444444,0.0017998325636029;
92.5555555555556,0.00179981003319715;
92.6666666666667,0.00179856298265211;
92.7777777777778,0.00179548138251352;
92.8888888888889,0.00179450442002975;
93,0.00179414140430135;
93.1111111111111,0.0017881759232841;
93.2222222222222,0.00179093924235809;
93.3333333333333,0.00178859522249262;
93.4444444444444,0.00178439274539391;
93.5555555555556,0.00178346696714283;
93.6666666666667,0.00178417949982472;
93.7777777777778,0.00177945834111909;
93.8888888888889,0.00177911595204717;
94,0.00177567845692909;
94.1111111111111,0.00177301816899767;
94.2222222222222,0.00177274852293043;
94.3333333333333,0.00177200365402487;
94.4444444444444,0.00176982972671182;
94.5555555555556,0.00176944541026653;
94.6666666666667,0.0017650646876797;
94.7777777777778,0.00176366737503064;
94.8888888888889,0.00176408694061856;
95,0.00176241075014254;
95.1111111111111,0.00175961582256621;
95.2222222222222,0.00176017159816742;
95.3333333333333,0.00175661483624073;
95.4444444444444,0.00175339737727903;
95.5555555555556,0.00174987713216291;
95.6666666666667,0.0017531683294063;
95.7777777777778,0.00174958116169013;
95.8888888888889,0.00174639143458011;
96,0.00174482931329123;
96.1111111111111,0.00174335881034689;
96.2222222222222,0.00174114151776019;
96.3333333333333,0.00174010994607659;
96.4444444444444,0.00173971883886244;
96.5555555555556,0.00173738842993213;
96.6666666666667,0.00173651277734022;
96.7777777777778,0.00173421085922687;
96.8888888888889,0.00173139709318544;
97,0.00172918824807201;
97.1111111111111,0.00173153167674787;
97.2222222222222,0.00172832658983012;
97.3333333333333,0.00172734663384874;
97.4444444444444,0.00172505112473273;
97.5555555555556,0.00172056403602301;
97.6666666666667,0.00171873264615845;
97.7777777777778,0.00171837812854315;
97.8888888888889,0.00171679140811562;
98,0.0017144797005605;
98.1111111111111,0.00171466354152855;
98.2222222222222,0.00171447081964428;
98.3333333333333,0.00170959849282583;
98.4444444444444,0.00171051388591985;
98.5555555555556,0.00170642782237447;
98.6666666666667,0.00170991599566544;
98.7777777777778,0.00170408719377842;
98.8888888888889,0.00170220367830101;
99,0.00170422482889178;
99.1111111111111,0.00170152592963213;
99.2222222222222,0.00170118318196671;
99.3333333333333,0.00169795377563183;
99.4444444444444,0.0016969730569553;
99.5555555555555,0.00169476038773175;
99.6666666666667,0.00169363720177693;
99.7777777777778,0.00169203290623219;
99.8888888888889,0.00168992851540773;
100,0.00168804214420586;
100.111111111111,0.00168600319057538;
100.222222222222,0.00168544306240293;
100.333333333333,0.00168148471264855;
100.444444444444,0.00168247024871906;
100.555555555556,0.00168047727525398;
100.666666666667,0.00167673808419432;
100.777777777778,0.00167789159347948;
100.888888888889,0.0016767777611185;
101,0.00167483410999567;
101.111111111111,0.00167371875838331;
101.222222222222,0.00167106734912141;
101.333333333333,0.00167050136824062;
101.444444444444,0.00166955241865069;
101.555555555556,0.00166567490090288;
101.666666666667,0.00166456989249018;
101.777777777778,0.00166454241141481;
101.888888888889,0.0016639345696254;
102,0.00166312585950819;
102.111111111111,0.00166059509333341;
102.222222222222,0.00165943391360601;
102.333333333333,0.00165965003817191;
102.444444444444,0.00165507560477988;
102.555555555556,0.00165780614849576;
102.666666666667,0.00165304760239456;
102.777777777778,0.00165163838363687;
102.888888888889,0.00164985392685597;
103,0.00164704812950912;
103.111111111111,0.00165067330438149;
103.222222222222,0.0016461863695232;
103.333333333333,0.00164726142618207;
103.444444444444,0.00163972284447611;
103.555555555556,0.00164103001870523;
103.666666666667,0.00164091188001589;
103.777777777778,0.00163857041164259;
103.888888888889,0.00163700655619153;
104,0.00163472424629069;
104.111111111111,0.00163597640189185;
104.222222222222,0.00163213453390206;
104.333333333333,0.00163116723101353;
104.444444444444,0.00162883592862665;
104.555555555556,0.00163032383807056;
104.666666666667,0.0016277183769723;
104.777777777778,0.00162718419716716;
104.888888888889,0.00162528509811198;
105,0.00162257492804524;
105.111111111111,0.00162084076180221;
105.222222222222,0.00162247596685323;
105.333333333333,0.00161746549047534;
105.444444444444,0.0016177561469462;
105.555555555556,0.00161626998914442;
105.666666666667,0.00161639237016491;
105.777777777778,0.00161719236030735;
105.888888888889,0.00161370624980159;
106,0.00161170391634223;
106.111111111111,0.00160972160278954;
106.222222222222,0.00160910889356815;
106.333333333333,0.00161013017007419;
106.444444444444,0.00160673909559698;
106.555555555556,0.00160665605254354;
106.666666666667,0.00160225685391168;
106.777777777778,0.00160251853369621;
106.888888888889,0.00159921136965462;
107,0.00159996160594343;
107.111111111111,0.00160089163530059;
107.222222222222,0.00159974739746877;
107.333333333333,0.00159808540587703;
107.444444444444,0.00159320525632564;
107.555555555556,0.00159483230150918;
107.666666666667,0.00159346092836289;
107.777777777778,0.00158973735322912;
107.888888888889,0.00159070427866009;
108,0.00159227204007807;
108.111111111111,0.00158752616517396;
108.222222222222,0.00158546162309907;
108.333333333333,0.00158631472640282;
108.444444444444,0.00158411211158584;
108.555555555556,0.00158295701990889;
108.666666666667,0.00158325966747597;
108.777777777778,0.00157735651060357;
108.888888888889,0.00157911592133405;
109,0.00157604789839392;
109.111111111111,0.00157734294317922;
109.222222222222,0.00157484233593374;
109.333333333333,0.00157361573281169;
109.444444444444,0.00157223402905142;
109.555555555556,0.00157408555994781;
109.666666666667,0.00157130316432983;
109.777777777778,0.00157003801850465;
109.888888888889,0.00156475488466265;
110,0.00156752458045755;
110.111111111111,0.00156200801750976;
110.222222222222,0.0015639587178003;
110.333333333333,0.00156371813667483;
110.444444444444,0.00156242161639743;
110.555555555556,0.00156171941089059;
110.666666666667,0.00156186732583978;
110.777777777778,0.00155813319032577;
110.888888888889,0.00155965239357916;
111,0.00155585762705986;
111.111111111111,0.00155405216089562;
111.222222222222,0.00155646865460097;
111.333333333333,0.00155206477686585;
111.444444444444,0.0015510507770764;
111.555555555556,0.00155102807739522;
111.666666666667,0.00154834687436811;
111.777777777778,0.00154947792361252;
111.888888888889,0.00154615616438103;
112,0.00154799820807883;
112.111111111111,0.00154334441344292;
112.222222222222,0.00154424910769223;
112.333333333333,0.0015412112156213;
112.444444444444,0.0015437900878991;
112.555555555556,0.0015397709091336;
112.666666666667,0.00153813049096173;
112.777777777778,0.00153821629652543;
112.888888888889,0.00153845700841779;
113,0.00153535461792864;
113.111111111111,0.00153535981182189;
113.222222222222,0.00153169901958042;
113.333333333333,0.00153345586797326;
113.444444444444,0.00153088733053398;
113.555555555556,0.00153173275441888;
113.666666666667,0.00152922990892014;
113.777777777778,0.00152745530178782;
113.888888888889,0.00152678594887805;
114,0.00152501731404527;
114.111111111111,0.00152587009788384;
114.222222222222,0.00152551361448153;
114.333333333333,0.00152231904046411;
114.444444444444,0.00152186069797231;
114.555555555556,0.00151947338693966;
114.666666666667,0.00151930479598466;
114.777777777778,0.00151743194184314;
114.888888888889,0.00151565783552834;
115,0.00151603967930479;
115.111111111111,0.00151437966244438;
115.222222222222,0.00151350116241741;
115.333333333333,0.00151387871182724;
115.444444444444,0.00150956713358703;
115.555555555556,0.00151134500426625;
115.666666666667,0.00151034560365084;
115.777777777778,0.00150858582205195;
115.888888888889,0.00150740566521215;
116,0.00150595106887157;
116.111111111111,0.00150581761934735;
116.222222222222,0.0015046696418068;
116.333333333333,0.00150442785664891;
116.444444444444,0.00150271569200057;
116.555555555556,0.00150252577801587;
116.666666666667,0.00149840931648099;
116.777777777778,0.0014985801739731;
116.888888888889,0.00149959546997714;
117,0.00149797954826517;
117.111111111111,0.00149821708900125;
117.222222222222,0.00149532347265792;
117.333333333333,0.00149603795443049;
117.444444444444,0.0014911487618162;
117.555555555556,0.00149608877138058;
117.666666666667,0.00149199177238714;
117.777777777778,0.00149043876222177;
117.888888888889,0.00148918728142852;
118,0.00148806380603168;
118.111111111111,0.001487020440898;
118.222222222222,0.00148571133881119;
118.333333333333,0.00148425986535186;
118.444444444444,0.00148362821620277;
118.555555555556,0.00148517170621911;
118.666666666667,0.00147988662952701;
118.777777777778,0.00147974059920606;
118.888888888889,0.00148219347494979;
119,0.00148013220290056;
119.111111111111,0.00147816649939098;
119.222222222222,0.00147681546998505;
119.333333333333,0.00147767791212095;
119.444444444444,0.00147737552024514;
119.555555555556,0.00147493607333242;
119.666666666667,0.0014732849920418;
119.777777777778,0.00147421126561578;
119.888888888889,0.00147430831439962;
120,0.00146885584620668;
120.111111111111,0.00146930952749102;
120.222222222222,0.00147001319558012;
120.333333333333,0.00146962301396718;
120.444444444444,0.00146781534269794;
120.555555555556,0.00146877148101568;
120.666666666667,0.00146444455259275;
120.777777777778,0.00146500177819992;
120.888888888889,0.00146240158632712;
121,0.00146336409384744;
121.111111111111,0.00146050910663992;
121.222222222222,0.00145988423489144;
121.333333333333,0.00145992848337848;
121.444444444444,0.00145735034953279;
121.555555555556,0.00145706792218418;
121.666666666667,0.00145698974452641;
121.777777777778,0.00145701935249461;
121.888888888889,0.00145376469923695;
122,0.00145059215444371;
122.111111111111,0.00145249878677189;
122.222222222222,0.00144991025786807;
122.333333333333,0.00144993025788135;
122.444444444444,0.00144792792730807;
122.555555555556,0.00144984115393276;
122.666666666667,0.00144676878820997;
122.777777777778,0.0014494947290636;
122.888888888889,0.001449470168608;
123,0.00144374580838951;
123.111111111111,0.00144680750060388;
123.222222222222,0.00144360479372422;
123.333333333333,0.00144199453515438;
123.444444444444,0.00144198534573061;
123.555555555556,0.00144098433064178;
123.666666666667,0.00144006256383148;
123.777777777778,0.00144213386368957;
123.888888888889,0.00143958435828068;
124,0.0014360769636473;
124.111111111111,0.00143890041146211;
124.222222222222,0.00143671769635465;
124.333333333333,0.00143471892507386;
124.444444444444,0.00143414402347316;
124.555555555556,0.00143306324154226;
124.666666666667,0.00143105418005298;
124.777777777778,0.0014320956220769;
124.888888888889,0.00143024936907249;
125,0.00142988588237306;
125.111111111111,0.00142767582725992;
125.222222222222,0.00142849423078302;
125.333333333333,0.001425571249677;
125.444444444444,0.00142838429761845;
125.555555555556,0.0014231044495452;
125.666666666667,0.0014247727893007;
125.777777777778,0.00142493941418436;
125.888888888889,0.00142143825525686;
126,0.00142361366573584;
126.111111111111,0.00142039541276553;
126.222222222222,0.00141854854950467;
126.333333333333,0.00142012190235853;
126.444444444444,0.00141622076468999;
126.555555555556,0.00142046878842614;
126.666666666667,0.00141556791302766;
126.777777777778,0.00141804306323454;
126.888888888889,0.00141940880531725;
127,0.00141316637357749;
127.111111111111,0.00141203089891213;
127.222222222222,0.00141166840539849;
127.333333333333,0.00141114503910509;
127.444444444444,0.00141101354792781;
127.555555555556,0.00141203615249247;
127.666666666667,0.00140781261060396;
127.777777777778,0.00140954454217128;
127.888888888889,0.00140777558496484;
128,0.00140835401377594;
128.111111111111,0.00140925271007236;
128.222222222222,0.00140441454294357;
128.333333333333,0.00140536194943299;
128.444444444444,0.00140483555418114;
128.555555555556,0.00140135853784794;
128.666666666667,0.00140312088139141;
128.777777777778,0.00140285740598665;
128.888888888889,0.0014026016579588;
129,0.00140093287759231;
129.111111111111,0.00139993219548671;
129.222222222222,0.00139591570478157;
129.333333333333,0.00139935290249523;
129.444444444444,0.00139748372849138;
129.555555555556,0.00139894161848263;
129.666666666667,0.00139519914181692;
129.777777777778,0.0013963582479006;
129.888888888889,0.00139428085810332;
130,0.00139574540933006;
130.111111111111,0.00139192600526931;
130.222222222222,0.00139118338125388;
130.333333333333,0.00139089491289165;
130.444444444444,0.00139106577240895;
130.555555555556,0.00138836818703552;
130.666666666667,0.00138868026855567;
130.777777777778,0.0013877497742318;
130.888888888889,0.00138712427199125;
131,0.00138761057680732;
131.111111111111,0.00138655485990438;
131.222222222222,0.00138346732574842;
131.333333333333,0.00138487999574851;
131.444444444444,0.00138395980577323;
131.555555555556,0.00138318349502558;
131.666666666667,0.00138458748629124;
131.777777777778,0.00138136721654227;
131.888888888889,0.00138152289586171;
132,0.00138183462141194;
132.111111111111,0.00138012074408503;
132.222222222222,0.0013803425666579;
132.333333333333,0.00137711631484098;
132.444444444444,0.00137653434576913;
132.555555555556,0.00137856581732555;
132.666666666667,0.00137519205331314;
132.777777777778,0.00137381564955251;
132.888888888889,0.00137831047539641;
133,0.00137551194969075;
133.111111111111,0.00137417410412334;
133.222222222222,0.00137286389018653;
133.333333333333,0.00137329070844584;
133.444444444444,0.00136925334476177;
133.555555555556,0.00136746041365786;
133.666666666667,0.00136984719837793;
133.777777777778,0.00136851030086452;
133.888888888889,0.00136537031862895;
134,0.00136892447584571;
134.111111111111,0.0013665612055687;
134.222222222222,0.00136616596179164;
134.333333333333,0.00136647170530835;
134.444444444444,0.00136112699564809;
134.555555555556,0.00136649612455354;
134.666666666667,0.00136275723059731;
134.777777777778,0.0013625492392536;
134.888888888889,0.00136459289177842;
135,0.00136349947351941;
135.111111111111,0.00136115660857313;
135.222222222222,0.00135992741546644;
135.333333333333,0.00135807355404866;
135.444444444444,0.00135648822804898;
135.555555555556,0.00135963465988336;
135.666666666667,0.00135743099715082;
135.777777777778,0.00135690111117639;
135.888888888889,0.00135606789121528;
136,0.00135609482070884;
136.111111111111,0.001354077649704;
136.222222222222,0.00135296902879544;
136.333333333333,0.0013525277301202;
136.444444444444,0.00135277976236649;
136.555555555556,0.00135102912010398;
136.666666666667,0.00135081088091169;
136.777777777778,0.00135053562127751;
136.888888888889,0.00135070335104327;
137,0.00134732953794401;
137.111111111111,0.0013499735178119;
137.222222222222,0.00134866358482946;
137.333333333333,0.00134439909480658;
137.444444444444,0.00134853435697688;
137.555555555556,0.00134577582471907;
137.666666666667,0.0013430146810573;
137.777777777778,0.00134383717725654;
137.888888888889,0.00134465984482386;
138,0.00134469719779935;
138.111111111111,0.00134401957286489;
138.222222222222,0.00134162545277001;
138.333333333333,0.00134082979161834;
138.444444444444,0.00133876783892606;
138.555555555556,0.00133902952985294;
138.666666666667,0.00133897126616399;
138.777777777778,0.00134035552415059;
138.888888888889,0.00133566976353017;
139,0.00133624668090613;
139.111111111111,0.0013375378006156;
139.222222222222,0.00133926693812641;
139.333333333333,0.00133554863856437;
139.444444444444,0.00133303478841668;
139.555555555556,0.00133461945654562;
139.666666666667,0.0013359953398533;
139.777777777778,0.00133164971348661;
139.888888888889,0.00133210983404799;
140,0.00133191049410091;
140.111111111111,0.00133201430645415;
140.222222222222,0.00133203724156383;
140.333333333333,0.00132945131463047;
140.444444444444,0.00133152915613732;
140.555555555556,0.00133017894075108;
140.666666666667,0.00133154292308296;
140.777777777778,0.00133018041624777;
140.888888888889,0.00132628149527488;
141,0.00132486006375392;
141.111111111111,0.00132762951656137;
141.222222222222,0.00132526314103944;
141.333333333333,0.00132477015563759;
141.444444444444,0.00132717423989814;
141.555555555556,0.00132315165390753;
141.666666666667,0.00132268364668095;
141.777777777778,0.00132282983654475;
141.888888888889,0.00132192359295051;
142,0.00132232169989284;
142.111111111111,0.00131701707518916;
142.222222222222,0.00132204302044319;
142.333333333333,0.00131915309848142;
142.444444444444,0.00131775713400761;
142.555555555556,0.00131918638226156;
142.666666666667,0.00131776909910259;
142.777777777778,0.00131556739440208;
142.888888888889,0.00131524953270178;
143,0.00131634715649911;
143.111111111111,0.00131490282535398;
143.222222222222,0.00131707086990878;
143.333333333333,0.00131594621504156;
143.444444444444,0.00131579520477762;
143.555555555556,0.00131302789905291;
143.666666666667,0.0013152421861821;
143.777777777778,0.00131303763072739;
143.888888888889,0.00131228513236025;
144,0.0013102827314829;
144.111111111111,0.00131198096424134;
144.222222222222,0.00130924786752697;
144.333333333333,0.00131052815831561;
144.444444444444,0.00131016589284108;
144.555555555556,0.00130768346473654;
144.666666666667,0.00130846769384956;
144.777777777778,0.00130812474218975;
144.888888888889,0.00130507259236902;
145,0.00130874507176577;
145.111111111111,0.00130758059752574;
145.222222222222,0.00130355432864749;
145.333333333333,0.00130618976844476;
145.444444444444,0.00130352784806885;
145.555555555556,0.00130433697720889;
145.666666666667,0.00130419412334005;
145.777777777778,0.00130488853793943;
145.888888888889,0.00130085463826245;
146,0.00130312737578967;
146.111111111111,0.00130138359080246;
146.222222222222,0.00130099429636363;
146.333333333333,0.00130204101497166;
146.444444444444,0.00129746470879246;
146.555555555556,0.00129834146824672;
146.666666666667,0.00129865206525729;
146.777777777778,0.00129884180426296;
146.888888888889,0.00129822633292926;
147,0.00129598417476047;
147.111111111111,0.00129714629580333;
147.222222222222,0.00129770259308898;
147.333333333333,0.00129535237043376;
147.444444444444,0.00129441527208008;
147.555555555556,0.00129765156655619;
147.666666666667,0.00129700609245417;
147.777777777778,0.00129550019162027;
147.888888888889,0.00129511196768668;
148,0.00129194854818128;
148.111111111111,0.00129463140385994;
148.222222222222,0.00129120818827775;
148.333333333333,0.00129216506930301;
148.444444444444,0.00128902270652925;
148.555555555556,0.00129002161289378;
148.666666666667,0.00128892104469995;
148.777777777778,0.00128898274749327;
148.888888888889,0.00128771937574125;
149,0.0012897360378363;
149.111111111111,0.00129019950782655;
149.222222222222,0.00128898379957158;
149.333333333333,0.00128544197174805;
149.444444444444,0.00128404717125385;
149.555555555556,0.00128860944351591;
149.666666666667,0.00128517644738;
149.777777777778,0.00128511957345253;
149.888888888889,0.0012828773906556;
150,0.00128490334561212;
150.111111111111,0.00128507947435046;
150.222222222222,0.00128481402120372;
150.333333333333,0.00128228196440758;
150.444444444444,0.00128327753083799;
150.555555555556,0.00127933808905996;
150.666666666667,0.0012816602553397;
150.777777777778,0.00127872406657863;
150.888888888889,0.00128119395624967;
151,0.00128155431018297;
151.111111111111,0.00128013053805791;
151.222222222222,0.00127994712908832;
151.333333333333,0.00127744362105228;
151.444444444444,0.00127758985943219;
151.555555555556,0.00127816004661681;
151.666666666667,0.00127649196951463;
151.777777777778,0.00127661037673286;
151.888888888889,0.00127606574484791;
152,0.0012757962794056;
152.111111111111,0.00127522234736304;
152.222222222222,0.00127698406123603;
152.333333333333,0.00127578486093302;
152.444444444444,0.00127441214331423;
152.555555555556,0.00127531113883156;
152.666666666667,0.00127229422774386;
152.777777777778,0.00127444355482617;
152.888888888889,0.00127168351530127;
153,0.0012708912828398;
153.111111111111,0.0012720916684241;
153.222222222222,0.00127070780852816;
153.333333333333,0.00126982338974462;
153.444444444444,0.00127128767392061;
153.555555555556,0.00126915619931269;
153.666666666667,0.00126988874517172;
153.777777777778,0.00126703166455704;
153.888888888889,0.00126797384656077;
154,0.001267262514346;
154.111111111111,0.00126833503276512;
154.222222222222,0.00127072195453806;
154.333333333333,0.00126887906442405;
154.444444444444,0.00126680293584742;
154.555555555556,0.00126719112850642;
154.666666666667,0.00126799307323373;
154.777777777778,0.00126411601468003;
154.888888888889,0.00126391367822299;
155,0.00126255471966039;
155.111111111111,0.00126478906639778;
155.222222222222,0.00126186329557777;
155.333333333333,0.00126342283507767;
155.444444444444,0.0012644327688389;
155.555555555556,0.00126308465280191;
155.666666666667,0.00126297765751194;
155.777777777778,0.00125917076338184;
155.888888888889,0.00126117199760602;
156,0.0012648558649952;
156.111111111111,0.00126063680336965;
156.222222222222,0.00125980389840706;
156.333333333333,0.00125933705584848;
156.444444444444,0.00125862940690711;
156.555555555556,0.00125927842557966;
156.666666666667,0.00125689386071037;
156.777777777778,0.00125803987996407;
156.888888888889,0.00125857988510412;
157,0.00125547203992829;
157.111111111111,0.00125595288934781;
157.222222222222,0.00125616231996665;
157.333333333333,0.00125697795060592;
157.444444444444,0.00125807089107583;
157.555555555556,0.00125682113333297;
157.666666666667,0.00125480357740043;
157.777777777778,0.00125426349151705;
157.888888888889,0.00125455501717694;
158,0.00125414067994363;
158.111111111111,0.0012532405798192;
158.222222222222,0.00125226254239274;
158.333333333333,0.00125302289466261;
158.444444444444,0.00125152352017006;
158.555555555556,0.00125288613617803;
158.666666666667,0.00125048180065852;
158.777777777778,0.00125176894084582;
158.888888888889,0.0012506307099739;
159,0.00125141685721147;
159.111111111111,0.0012494301583931;
159.222222222222,0.00125198053424933;
159.333333333333,0.00125082458824055;
159.444444444444,0.00124743498219632;
159.555555555556,0.00124908037257933;
159.666666666667,0.00124899386469651;
159.777777777778,0.00124622018338807;
159.888888888889,0.00124736125634293;
160,0.00124751740777954;
160.111111111111,0.00124763753979261;
160.222222222222,0.0012453859531812;
160.333333333333,0.00124368590377034;
160.444444444444,0.00124659771734848;
160.555555555556,0.00124534777362847;
160.666666666667,0.00124455329801349;
160.777777777778,0.00124294870703385;
160.888888888889,0.00124584884559419;
161,0.00124446401112088;
161.111111111111,0.00124523780181616;
161.222222222222,0.0012417514192795;
161.333333333333,0.00124302971274911;
161.444444444444,0.00124190733468863;
161.555555555556,0.0012414811579488;
161.666666666667,0.00124092388057337;
161.777777777778,0.00124399895226645;
161.888888888889,0.00124137924912058;
162,0.00123976165769205;
162.111111111111,0.00124110846448626;
162.222222222222,0.0012402026129212;
162.333333333333,0.00124252652969537;
162.444444444444,0.00123908465332367;
162.555555555556,0.00123924814036473;
162.666666666667,0.00123802632602364;
162.777777777778,0.00123567778888661;
162.888888888889,0.00123911779041405;
163,0.00123808515243556;
163.111111111111,0.00123965721438306;
163.222222222222,0.00123454002479683;
163.333333333333,0.00124009846312902;
163.444444444444,0.00123699726934258;
163.555555555556,0.00123712250019582;
163.666666666667,0.00123415031291043;
163.777777777778,0.00123604676112732;
163.888888888889,0.00123856165071249;
164,0.00123569929705824;
164.111111111111,0.00123299979199731;
164.222222222222,0.00123739082609726;
164.333333333333,0.00123327713531952;
164.444444444444,0.00123321513254606;
164.555555555556,0.00123506329586009;
164.666666666667,0.00123219114302092;
164.777777777778,0.00123333664008832;
164.888888888889,0.00123438561809482;
165,0.0012321464327975;
165.111111111111,0.00123138347433901;
165.222222222222,0.00123056953141428;
165.333333333333,0.00123039690796888;
165.444444444444,0.00123194200069113;
165.555555555556,0.00123109661149839;
165.666666666667,0.00122916054852064;
165.777777777778,0.00122977790803233;
165.888888888889,0.00123096371535533;
166,0.00123227516675288;
166.111111111111,0.00122720567485821;
166.222222222222,0.00122844492875361;
166.333333333333,0.0012303307819026;
166.444444444444,0.00122858437380161;
166.555555555556,0.00122891776256672;
166.666666666667,0.00122765849546832;
166.777777777778,0.0012281165752063;
166.888888888889,0.00122684213762201;
167,0.00122945204945253;
167.111111111111,0.0012262684801687;
167.222222222222,0.00122774298835751;
167.333333333333,0.00122477491208921;
167.444444444444,0.00122729940255331;
167.555555555556,0.00122437326372125;
167.666666666667,0.00122158753110675;
167.777777777778,0.00122261136284466;
167.888888888889,0.00122335163774406;
168,0.0012248974405145;
168.111111111111,0.00122237718491523;
168.222222222222,0.00122609324082514;
168.333333333333,0.00122219966974026;
168.444444444444,0.00122141685494386;
168.555555555556,0.0012217083493214;
168.666666666667,0.0012230396710911;
168.777777777778,0.00122218851017286;
168.888888888889,0.00122455684531626;
169,0.00122269483320243;
169.111111111111,0.00122249824386584;
169.222222222222,0.00121980809627721;
169.333333333333,0.00122302670971833;
169.444444444444,0.00122000623317576;
169.555555555556,0.00121901617449436;
169.666666666667,0.00121793095039429;
169.777777777778,0.00122021713465013;
169.888888888889,0.0012170864173279;
170,0.00121975354522932;
170.111111111111,0.00122031310919777;
170.222222222222,0.00121978599119805;
170.333333333333,0.00121763198511639;
170.444444444444,0.00121809186184018;
170.555555555556,0.00121633451520219;
170.666666666667,0.00121890977951795;
170.777777777778,0.00121654787042203;
170.888888888889,0.00121778109595333;
171,0.00121576776621741;
171.111111111111,0.00121600160879067;
171.222222222222,0.00121804751491563;
171.333333333333,0.00121573492601645;
171.444444444444,0.00121696715983133;
171.555555555556,0.00121600511358639;
171.666666666667,0.00121718430806919;
171.777777777778,0.00121526720351616;
171.888888888889,0.00121494801772232;
172,0.00121213869863892;
172.111111111111,0.00121547488715122;
172.222222222222,0.00121436784791937;
172.333333333333,0.00121461317061852;
172.444444444444,0.00121304635129286;
172.555555555556,0.00121621225387741;
172.666666666667,0.00121260377580153;
172.777777777778,0.0012134871292506;
172.888888888889,0.00121350996645803;
173,0.00121496519718407;
173.111111111111,0.0012136690855662;
173.222222222222,0.00121066268516731;
173.333333333333,0.00121075017464552;
173.444444444444,0.00121260984228952;
173.555555555556,0.00121004519539837;
173.666666666667,0.0012113890012863;
173.777777777778,0.00121172974455918;
173.888888888889,0.00120988677735473;
174,0.00120915612688539;
174.111111111111,0.00121162094892791;
174.222222222222,0.00121094260683218;
174.333333333333,0.00121091976709258;
174.444444444444,0.00121073651128281;
174.555555555556,0.00120758463312631;
174.666666666667,0.0012078794249819;
174.777777777778,0.00120858442035112;
174.888888888889,0.00120936910125701;
175,0.00120613243144588;
175.111111111111,0.00120435794972347;
175.222222222222,0.00120854767093235;
175.333333333333,0.00120839897421438;
175.444444444444,0.0012082680082736;
175.555555555556,0.00120809059837421;
175.666666666667,0.00120714960504679;
175.777777777778,0.00120403660076125;
175.888888888889,0.00120634217371;
176,0.00120918144023218;
176.111111111111,0.00120845532876131;
176.222222222222,0.00120678321114334;
176.333333333333,0.00120686731315492;
176.444444444444,0.0012070723950879;
176.555555555556,0.0012057586598768;
176.666666666667,0.00120548066607265;
176.777777777778,0.00120660218643547;
176.888888888889,0.00120635933393118;
177,0.00120654861954409;
177.111111111111,0.00120664852252326;
177.222222222222,0.00120594012826157;
177.333333333333,0.00120385865362469;
177.444444444444,0.00120567935975045;
177.555555555556,0.00120409581364895;
177.666666666667,0.00120282065155621;
177.777777777778,0.00120356454840394;
177.888888888889,0.00120286881590531;
178,0.00120612219743406;
178.111111111111,0.00120815843116486;
178.222222222222,0.00120145232130616;
178.333333333333,0.00120181821710679;
178.444444444444,0.00120310761514502;
178.555555555556,0.00120383859341122;
178.666666666667,0.00120256930476458;
178.777777777778,0.00120156753975433;
178.888888888889,0.00120133221841577;
179,0.00120138352170216;
179.111111111111,0.00120057673194441;
179.222222222222,0.00120263606057079;
179.333333333333,0.00119810144459277;
179.444444444444,0.00120153985593689;
179.555555555556,0.00119964590709346;
179.666666666667,0.00120063617395395;
179.777777777778,0.00119946162470668;
179.888888888889,0.00119896113894668;
180,0.00119889883954045;
180.111111111111,0.00120197713689877;
180.222222222222,0.00120139448410047;
180.333333333333,0.00119874088189641;
180.444444444444,0.00120179760513822;
180.555555555556,0.00120024227882151;
180.666666666667,0.00119747878322407;
180.777777777778,0.00119937512380704;
180.888888888889,0.00119862676669437;
181,0.0011972340459104;
181.111111111111,0.00120032178169913;
181.222222222222,0.00119881233062398;
181.333333333333,0.00119761976887022;
181.444444444444,0.0011980049656849;
181.555555555556,0.00119713108973665;
181.666666666667,0.00120150847511198;
181.777777777778,0.00119767294966674;
181.888888888889,0.00119766681319172;
182,0.00119814363727052;
182.111111111111,0.0011954524661543;
182.222222222222,0.00119614982682695;
182.333333333333,0.00119429503321025;
182.444444444444,0.00119824418782826;
182.555555555556,0.00119511947237894;
182.666666666667,0.00119542844666307;
182.777777777778,0.00119494420054122;
182.888888888889,0.00119765744458487;
183,0.00119388391785637;
183.111111111111,0.00119671455915423;
183.222222222222,0.00119756282918842;
183.333333333333,0.00119456898555195;
183.444444444444,0.00119576383768388;
183.555555555556,0.00119489844277897;
183.666666666667,0.00119798940403055;
183.777777777778,0.00119720485264392;
183.888888888889,0.00119445892025091;
184,0.00119350008864933;
184.111111111111,0.00119560694046193;
184.222222222222,0.00119638282134433;
184.333333333333,0.00119569671473432;
184.444444444444,0.00119215533841305;
184.555555555556,0.00119543522826491;
184.666666666667,0.00119384712506464;
184.777777777778,0.00119412674261402;
184.888888888889,0.00119302698644862;
185,0.00119414092877734;
185.111111111111,0.00119424415454288;
185.222222222222,0.00119385193477773;
185.333333333333,0.00119156478933816;
185.444444444444,0.00119589994129762;
185.555555555556,0.00119281915984752;
185.666666666667,0.001191685818078;
185.777777777778,0.00119192345309821;
185.888888888889,0.00119232844812731;
186,0.00119336731552631;
186.111111111111,0.00119016246056552;
186.222222222222,0.00119510552682979;
186.333333333333,0.00119380636673188;
186.444444444444,0.00119278828943866;
186.555555555556,0.00119131147537496;
186.666666666667,0.00119297368359779;
186.777777777778,0.00118910387737656;
186.888888888889,0.0011911041679772;
187,0.00119229847623055;
187.111111111111,0.00118969680551691;
187.222222222222,0.00119358733611362;
187.333333333333,0.00119201059674638;
187.444444444444,0.0011900935439819;
187.555555555556,0.00118901286780249;
187.666666666667,0.0011893379602215;
187.777777777778,0.00118983801380901;
187.888888888889,0.00119000793251046;
188,0.00119060985166823;
188.111111111111,0.00119025214555995;
188.222222222222,0.00118942596874241;
188.333333333333,0.00119207134450469;
188.444444444444,0.00118898752569101;
188.555555555556,0.00119159524019789;
188.666666666667,0.00119060327212694;
188.777777777778,0.00118850762157119;
188.888888888889,0.00118976712439454;
189,0.00118898837695657;
189.111111111111,0.00119067928907917;
189.222222222222,0.00118868305033522;
189.333333333333,0.00118726116537288;
189.444444444444,0.00118964841464731;
189.555555555556,0.00118424692965335;
189.666666666667,0.00118790656819536;
189.777777777778,0.00118720654432055;
189.888888888889,0.00118975225990438;
190,0.00119262098023965;
190.111111111111,0.00119031505521654;
190.222222222222,0.00118785686656471;
190.333333333333,0.00118919709004014;
190.444444444444,0.00118728349524632;
190.555555555556,0.00118866832701674;
190.666666666667,0.0011871154410335;
190.777777777778,0.00119016695400715;
190.888888888889,0.00119129363680731;
191,0.0011861172836217;
191.111111111111,0.00118747053313835;
191.222222222222,0.00118975779923127;
191.333333333333,0.00118679192868247;
191.444444444444,0.00118779371622071;
191.555555555556,0.00118910673847123;
191.666666666667,0.00118685585267223;
191.777777777778,0.00118972740015757;
191.888888888889,0.00118653892861368;
192,0.00118661903567626;
192.111111111111,0.00118659345289191;
192.222222222222,0.0011882767044169;
192.333333333333,0.00118866562626143;
192.444444444444,0.00118955858539247;
192.555555555556,0.00118582253780633;
192.666666666667,0.00118759883082948;
192.777777777778,0.00118539679986219;
192.888888888889,0.00119001176915741;
193,0.00118800734537631;
193.111111111111,0.00118694000223241;
193.222222222222,0.00118623197484711;
193.333333333333,0.00118724144599221;
193.444444444444,0.00119076148074074;
193.555555555556,0.00118818893668076;
193.666666666667,0.00118743027000109;
193.777777777778,0.00118964261688415;
193.888888888889,0.00118825752898321;
194,0.00118890178327414;
194.111111111111,0.00118783808366798;
194.222222222222,0.00118621305631629;
194.333333333333,0.00118680784779581;
194.444444444444,0.00118835780255811;
194.555555555556,0.00118862662177471;
194.666666666667,0.00118592296741236;
194.777777777778,0.00118421177313223;
194.888888888889,0.001186416228155;
195,0.00118965141752166;
195.111111111111,0.0011845690891857;
195.222222222222,0.00118523148837245;
195.333333333333,0.00118681113226322;
195.444444444444,0.00118557652584627;
195.555555555556,0.00118268962605145;
195.666666666667,0.00118855780564034;
195.777777777778,0.00118496664403107;
195.888888888889,0.00118543474135364;
196,0.00118682736677196;
196.111111111111,0.00118784694073676;
196.222222222222,0.00118631277725441;
196.333333333333,0.0011848662059732;
196.444444444444,0.00118611073926496;
196.555555555556,0.00118881575927169;
196.666666666667,0.00118462452218934;
196.777777777778,0.00118663865783949;
196.888888888889,0.00118507635761828;
197,0.00118692333012724;
197.111111111111,0.00118392486094;
197.222222222222,0.00118356703886299;
197.333333333333,0.0011844644211257;
197.444444444444,0.00118552398403056;
197.555555555556,0.0011856014027586;
197.666666666667,0.00118794411240784;
197.777777777778,0.0011853866618051;
197.888888888889,0.00118519860134712;
198,0.00118358030995053;
198.111111111111,0.00118694867462109;
198.222222222222,0.00118574457671956;
198.333333333333,0.00118554566132332;
198.444444444444,0.00118618666456434;
198.555555555556,0.0011860840657881;
198.666666666667,0.00118426796757624;
198.777777777778,0.00118424590768246;
198.888888888889,0.00118386918881146;
199,0.00118687611517658;
199.111111111111,0.0011862228884719;
199.222222222222,0.00118523784720099;
199.333333333333,0.00118417241872732;
199.444444444444,0.00118524993558233;
199.555555555556,0.00118455416667496;
199.666666666667,0.00118422797245704;
199.777777777778,0.00118217102910631;
199.888888888889,0.00118493783788709;
200,0.00118314003532514;
200.111111111111,0.00118493783788709;
200.222222222222,0.00118217102910631;
200.333333333333,0.00118422797245704;
200.444444444444,0.00118455416667496;
200.555555555556,0.00118524993558233;
200.666666666667,0.00118417241872732;
200.777777777778,0.00118523784720099;
200.888888888889,0.0011862228884719;
201,0.00118687611517658;
201.111111111111,0.00118386918881146;
201.222222222222,0.00118424590768246;
201.333333333333,0.00118426796757624;
201.444444444444,0.0011860840657881;
201.555555555556,0.00118618666456434;
201.666666666667,0.00118554566132332;
201.777777777778,0.00118574457671956;
201.888888888889,0.00118694867462109;
202,0.00118358030995053;
202.111111111111,0.00118519860134712;
202.222222222222,0.0011853866618051;
202.333333333333,0.00118794411240784;
202.444444444444,0.0011856014027586;
202.555555555556,0.00118552398403056;
202.666666666667,0.0011844644211257;
202.777777777778,0.00118356703886299;
202.888888888889,0.00118392486094;
203,0.00118692333012724;
203.111111111111,0.00118507635761828;
203.222222222222,0.00118663865783949;
203.333333333333,0.00118462452218934;
203.444444444444,0.00118881575927169;
203.555555555556,0.00118611073926496;
203.666666666667,0.0011848662059732;
203.777777777778,0.00118631277725441;
203.888888888889,0.00118784694073676;
204,0.00118682736677196;
204.111111111111,0.00118543474135364;
204.222222222222,0.00118496664403107;
204.333333333333,0.00118855780564034;
204.444444444444,0.00118268962605145;
204.555555555556,0.00118557652584627;
204.666666666667,0.00118681113226322;
204.777777777778,0.00118523148837245;
204.888888888889,0.0011845690891857;
205,0.00118965141752166;
205.111111111111,0.001186416228155;
205.222222222222,0.00118421177313223;
205.333333333333,0.00118592296741236;
205.444444444444,0.00118862662177471;
205.555555555556,0.00118835780255811;
205.666666666667,0.00118680784779581;
205.777777777778,0.00118621305631629;
205.888888888889,0.00118783808366798;
206,0.00118890178327414;
206.111111111111,0.00118825752898321;
206.222222222222,0.00118964261688415;
206.333333333333,0.00118743027000109;
206.444444444444,0.00118818893668076;
206.555555555556,0.00119076148074074;
206.666666666667,0.00118724144599221;
206.777777777778,0.00118623197484711;
206.888888888889,0.00118694000223241;
207,0.00118800734537631;
207.111111111111,0.00119001176915741;
207.222222222222,0.00118539679986219;
207.333333333333,0.00118759883082948;
207.444444444444,0.00118582253780633;
207.555555555556,0.00118955858539247;
207.666666666667,0.00118866562626143;
207.777777777778,0.0011882767044169;
207.888888888889,0.00118659345289191;
208,0.00118661903567626;
208.111111111111,0.00118653892861368;
208.222222222222,0.00118972740015757;
208.333333333333,0.00118685585267223;
208.444444444444,0.00118910673847123;
208.555555555556,0.00118779371622071;
208.666666666667,0.00118679192868247;
208.777777777778,0.00118975779923127;
208.888888888889,0.00118747053313835;
209,0.0011861172836217;
209.111111111111,0.00119129363680731;
209.222222222222,0.00119016695400715;
209.333333333333,0.0011871154410335;
209.444444444444,0.00118866832701674;
209.555555555556,0.00118728349524632;
209.666666666667,0.00118919709004014;
209.777777777778,0.00118785686656471;
209.888888888889,0.00119031505521654;
210,0.00119262098023965;
210.111111111111,0.00118975225990438;
210.222222222222,0.00118720654432055;
210.333333333333,0.00118790656819536;
210.444444444444,0.00118424692965335;
210.555555555556,0.00118964841464731;
210.666666666667,0.00118726116537288;
210.777777777778,0.00118868305033522;
210.888888888889,0.00119067928907917;
211,0.00118898837695657;
211.111111111111,0.00118976712439454;
211.222222222222,0.00118850762157119;
211.333333333333,0.00119060327212694;
211.444444444444,0.00119159524019789;
211.555555555556,0.00118898752569101;
211.666666666667,0.00119207134450469;
211.777777777778,0.00118942596874241;
211.888888888889,0.00119025214555995;
212,0.00119060985166823;
212.111111111111,0.00119000793251046;
212.222222222222,0.00118983801380901;
212.333333333333,0.0011893379602215;
212.444444444444,0.00118901286780249;
212.555555555556,0.0011900935439819;
212.666666666667,0.00119201059674638;
212.777777777778,0.00119358733611362;
212.888888888889,0.00118969680551691;
213,0.00119229847623055;
213.111111111111,0.0011911041679772;
213.222222222222,0.00118910387737656;
213.333333333333,0.00119297368359779;
213.444444444444,0.00119131147537496;
213.555555555556,0.00119278828943866;
213.666666666667,0.00119380636673188;
213.777777777778,0.00119510552682979;
213.888888888889,0.00119016246056552;
214,0.00119336731552631;
214.111111111111,0.00119232844812731;
214.222222222222,0.00119192345309821;
214.333333333333,0.001191685818078;
214.444444444444,0.00119281915984752;
214.555555555556,0.00119589994129762;
214.666666666667,0.00119156478933816;
214.777777777778,0.00119385193477773;
214.888888888889,0.00119424415454288;
215,0.00119414092877734;
215.111111111111,0.00119302698644862;
215.222222222222,0.00119412674261402;
215.333333333333,0.00119384712506464;
215.444444444444,0.00119543522826491;
215.555555555556,0.00119215533841305;
215.666666666667,0.00119569671473432;
215.777777777778,0.00119638282134433;
215.888888888889,0.00119560694046193;
216,0.00119350008864933;
216.111111111111,0.00119445892025091;
216.222222222222,0.00119720485264392;
216.333333333333,0.00119798940403055;
216.444444444444,0.00119489844277897;
216.555555555556,0.00119576383768388;
216.666666666667,0.00119456898555195;
216.777777777778,0.00119756282918842;
216.888888888889,0.00119671455915423;
217,0.00119388391785637;
217.111111111111,0.00119765744458487;
217.222222222222,0.00119494420054122;
217.333333333333,0.00119542844666307;
217.444444444444,0.00119511947237894;
217.555555555556,0.00119824418782826;
217.666666666667,0.00119429503321025;
217.777777777778,0.00119614982682695;
217.888888888889,0.0011954524661543;
218,0.00119814363727052;
218.111111111111,0.00119766681319172;
218.222222222222,0.00119767294966674;
218.333333333333,0.00120150847511198;
218.444444444444,0.00119713108973665;
218.555555555556,0.0011980049656849;
218.666666666667,0.00119761976887022;
218.777777777778,0.00119881233062398;
218.888888888889,0.00120032178169913;
219,0.0011972340459104;
219.111111111111,0.00119862676669437;
219.222222222222,0.00119937512380704;
219.333333333333,0.00119747878322407;
219.444444444444,0.00120024227882151;
219.555555555556,0.00120179760513822;
219.666666666667,0.00119874088189641;
219.777777777778,0.00120139448410047;
219.888888888889,0.00120197713689877;
220,0.00119889883954045;
220.111111111111,0.00119896113894668;
220.222222222222,0.00119946162470668;
220.333333333333,0.00120063617395395;
220.444444444444,0.00119964590709346;
220.555555555556,0.00120153985593689;
220.666666666667,0.00119810144459277;
220.777777777778,0.00120263606057079;
220.888888888889,0.00120057673194441;
221,0.00120138352170216;
221.111111111111,0.00120133221841577;
221.222222222222,0.00120156753975433;
221.333333333333,0.00120256930476458;
221.444444444444,0.00120383859341122;
221.555555555556,0.00120310761514502;
221.666666666667,0.00120181821710679;
221.777777777778,0.00120145232130616;
221.888888888889,0.00120815843116486;
222,0.00120612219743406;
222.111111111111,0.00120286881590531;
222.222222222222,0.00120356454840394;
222.333333333333,0.00120282065155621;
222.444444444444,0.00120409581364895;
222.555555555556,0.00120567935975045;
222.666666666667,0.00120385865362469;
222.777777777778,0.00120594012826157;
222.888888888889,0.00120664852252326;
223,0.00120654861954409;
223.111111111111,0.00120635933393118;
223.222222222222,0.00120660218643547;
223.333333333333,0.00120548066607265;
223.444444444444,0.0012057586598768;
223.555555555556,0.0012070723950879;
223.666666666667,0.00120686731315492;
223.777777777778,0.00120678321114334;
223.888888888889,0.00120845532876131;
224,0.00120918144023218;
224.111111111111,0.00120634217371;
224.222222222222,0.00120403660076125;
224.333333333333,0.00120714960504679;
224.444444444444,0.00120809059837421;
224.555555555556,0.0012082680082736;
224.666666666667,0.00120839897421438;
224.777777777778,0.00120854767093235;
224.888888888889,0.00120435794972347;
225,0.00120613243144588;
225.111111111111,0.00120936910125701;
225.222222222222,0.00120858442035112;
225.333333333333,0.0012078794249819;
225.444444444444,0.00120758463312631;
225.555555555556,0.00121073651128281;
225.666666666667,0.00121091976709258;
225.777777777778,0.00121094260683218;
225.888888888889,0.00121162094892791;
226,0.00120915612688539;
226.111111111111,0.00120988677735473;
226.222222222222,0.00121172974455918;
226.333333333333,0.0012113890012863;
226.444444444444,0.00121004519539837;
226.555555555556,0.00121260984228952;
226.666666666667,0.00121075017464552;
226.777777777778,0.00121066268516731;
226.888888888889,0.0012136690855662;
227,0.00121496519718407;
227.111111111111,0.00121350996645803;
227.222222222222,0.0012134871292506;
227.333333333333,0.00121260377580153;
227.444444444444,0.00121621225387741;
227.555555555556,0.00121304635129286;
227.666666666667,0.00121461317061852;
227.777777777778,0.00121436784791937;
227.888888888889,0.00121547488715122;
228,0.00121213869863892;
228.111111111111,0.00121494801772232;
228.222222222222,0.00121526720351616;
228.333333333333,0.00121718430806919;
228.444444444444,0.00121600511358639;
228.555555555556,0.00121696715983133;
228.666666666667,0.00121573492601645;
228.777777777778,0.00121804751491563;
228.888888888889,0.00121600160879067;
229,0.00121576776621741;
229.111111111111,0.00121778109595333;
229.222222222222,0.00121654787042203;
229.333333333333,0.00121890977951795;
229.444444444444,0.00121633451520219;
229.555555555556,0.00121809186184018;
229.666666666667,0.00121763198511639;
229.777777777778,0.00121978599119805;
229.888888888889,0.00122031310919777;
230,0.00121975354522932;
230.111111111111,0.0012170864173279;
230.222222222222,0.00122021713465013;
230.333333333333,0.00121793095039429;
230.444444444444,0.00121901617449436;
230.555555555556,0.00122000623317576;
230.666666666667,0.00122302670971833;
230.777777777778,0.00121980809627721;
230.888888888889,0.00122249824386584;
231,0.00122269483320243;
231.111111111111,0.00122455684531626;
231.222222222222,0.00122218851017286;
231.333333333333,0.0012230396710911;
231.444444444444,0.0012217083493214;
231.555555555556,0.00122141685494386;
231.666666666667,0.00122219966974026;
231.777777777778,0.00122609324082514;
231.888888888889,0.00122237718491523;
232,0.0012248974405145;
232.111111111111,0.00122335163774406;
232.222222222222,0.00122261136284466;
232.333333333333,0.00122158753110675;
232.444444444444,0.00122437326372125;
232.555555555556,0.00122729940255331;
232.666666666667,0.00122477491208921;
232.777777777778,0.00122774298835751;
232.888888888889,0.0012262684801687;
233,0.00122945204945253;
233.111111111111,0.00122684213762201;
233.222222222222,0.0012281165752063;
233.333333333333,0.00122765849546832;
233.444444444444,0.00122891776256672;
233.555555555556,0.00122858437380161;
233.666666666667,0.0012303307819026;
233.777777777778,0.00122844492875361;
233.888888888889,0.00122720567485821;
234,0.00123227516675288;
234.111111111111,0.00123096371535533;
234.222222222222,0.00122977790803233;
234.333333333333,0.00122916054852064;
234.444444444444,0.00123109661149839;
234.555555555556,0.00123194200069113;
234.666666666667,0.00123039690796888;
234.777777777778,0.00123056953141428;
234.888888888889,0.00123138347433901;
235,0.0012321464327975;
235.111111111111,0.00123438561809482;
235.222222222222,0.00123333664008832;
235.333333333333,0.00123219114302092;
235.444444444444,0.00123506329586009;
235.555555555556,0.00123321513254606;
235.666666666667,0.00123327713531952;
235.777777777778,0.00123739082609726;
235.888888888889,0.00123299979199731;
236,0.00123569929705824;
236.111111111111,0.00123856165071249;
236.222222222222,0.00123604676112732;
236.333333333333,0.00123415031291043;
236.444444444444,0.00123712250019582;
236.555555555556,0.00123699726934258;
236.666666666667,0.00124009846312902;
236.777777777778,0.00123454002479683;
236.888888888889,0.00123965721438306;
237,0.00123808515243556;
237.111111111111,0.00123911779041405;
237.222222222222,0.00123567778888661;
237.333333333333,0.00123802632602364;
237.444444444444,0.00123924814036473;
237.555555555556,0.00123908465332367;
237.666666666667,0.00124252652969537;
237.777777777778,0.0012402026129212;
237.888888888889,0.00124110846448626;
238,0.00123976165769205;
238.111111111111,0.00124137924912058;
238.222222222222,0.00124399895226645;
238.333333333333,0.00124092388057337;
238.444444444444,0.0012414811579488;
238.555555555556,0.00124190733468863;
238.666666666667,0.00124302971274911;
238.777777777778,0.0012417514192795;
238.888888888889,0.00124523780181616;
239,0.00124446401112088;
239.111111111111,0.00124584884559419;
239.222222222222,0.00124294870703385;
239.333333333333,0.00124455329801349;
239.444444444444,0.00124534777362847;
239.555555555556,0.00124659771734848;
239.666666666667,0.00124368590377034;
239.777777777778,0.0012453859531812;
239.888888888889,0.00124763753979261;
240,0.00124751740777954;
240.111111111111,0.00124736125634293;
240.222222222222,0.00124622018338807;
240.333333333333,0.00124899386469651;
240.444444444444,0.00124908037257933;
240.555555555556,0.00124743498219632;
240.666666666667,0.00125082458824055;
240.777777777778,0.00125198053424933;
240.888888888889,0.0012494301583931;
241,0.00125141685721147;
241.111111111111,0.0012506307099739;
241.222222222222,0.00125176894084582;
241.333333333333,0.00125048180065852;
241.444444444444,0.00125288613617803;
241.555555555556,0.00125152352017006;
241.666666666667,0.00125302289466261;
241.777777777778,0.00125226254239274;
241.888888888889,0.0012532405798192;
242,0.00125414067994363;
242.111111111111,0.00125455501717694;
242.222222222222,0.00125426349151705;
242.333333333333,0.00125480357740043;
242.444444444444,0.00125682113333297;
242.555555555556,0.00125807089107583;
242.666666666667,0.00125697795060592;
242.777777777778,0.00125616231996665;
242.888888888889,0.00125595288934781;
243,0.00125547203992829;
243.111111111111,0.00125857988510412;
243.222222222222,0.00125803987996407;
243.333333333333,0.00125689386071037;
243.444444444444,0.00125927842557966;
243.555555555556,0.00125862940690711;
243.666666666667,0.00125933705584848;
243.777777777778,0.00125980389840706;
243.888888888889,0.00126063680336965;
244,0.0012648558649952;
244.111111111111,0.00126117199760602;
244.222222222222,0.00125917076338184;
244.333333333333,0.00126297765751194;
244.444444444444,0.00126308465280191;
244.555555555556,0.0012644327688389;
244.666666666667,0.00126342283507767;
244.777777777778,0.00126186329557777;
244.888888888889,0.00126478906639778;
245,0.00126255471966039;
245.111111111111,0.00126391367822299;
245.222222222222,0.00126411601468003;
245.333333333333,0.00126799307323373;
245.444444444444,0.00126719112850642;
245.555555555556,0.00126680293584742;
245.666666666667,0.00126887906442405;
245.777777777778,0.00127072195453806;
245.888888888889,0.00126833503276512;
246,0.001267262514346;
246.111111111111,0.00126797384656077;
246.222222222222,0.00126703166455704;
246.333333333333,0.00126988874517172;
246.444444444444,0.00126915619931269;
246.555555555556,0.00127128767392061;
246.666666666667,0.00126982338974462;
246.777777777778,0.00127070780852816;
246.888888888889,0.0012720916684241;
247,0.0012708912828398;
247.111111111111,0.00127168351530127;
247.222222222222,0.00127444355482617;
247.333333333333,0.00127229422774386;
247.444444444444,0.00127531113883156;
247.555555555556,0.00127441214331423;
247.666666666667,0.00127578486093302;
247.777777777778,0.00127698406123603;
247.888888888889,0.00127522234736304;
248,0.0012757962794056;
248.111111111111,0.00127606574484791;
248.222222222222,0.00127661037673286;
248.333333333333,0.00127649196951463;
248.444444444444,0.00127816004661681;
248.555555555556,0.00127758985943219;
248.666666666667,0.00127744362105228;
248.777777777778,0.00127994712908832;
248.888888888889,0.00128013053805791;
249,0.00128155431018297;
249.111111111111,0.00128119395624967;
249.222222222222,0.00127872406657863;
249.333333333333,0.0012816602553397;
249.444444444444,0.00127933808905996;
249.555555555556,0.00128327753083799;
249.666666666667,0.00128228196440758;
249.777777777778,0.00128481402120372;
249.888888888889,0.00128507947435046;
250,0.00128490334561212;
250.111111111111,0.0012828773906556;
250.222222222222,0.00128511957345253;
250.333333333333,0.00128517644738;
250.444444444444,0.00128860944351591;
250.555555555556,0.00128404717125385;
250.666666666667,0.00128544197174805;
250.777777777778,0.00128898379957158;
250.888888888889,0.00129019950782655;
251,0.0012897360378363;
251.111111111111,0.00128771937574125;
251.222222222222,0.00128898274749327;
251.333333333333,0.00128892104469995;
251.444444444444,0.00129002161289378;
251.555555555556,0.00128902270652925;
251.666666666667,0.00129216506930301;
251.777777777778,0.00129120818827775;
251.888888888889,0.00129463140385994;
252,0.00129194854818128;
252.111111111111,0.00129511196768668;
252.222222222222,0.00129550019162027;
252.333333333333,0.00129700609245417;
252.444444444444,0.00129765156655619;
252.555555555556,0.00129441527208008;
252.666666666667,0.00129535237043376;
252.777777777778,0.00129770259308898;
252.888888888889,0.00129714629580333;
253,0.00129598417476047;
253.111111111111,0.00129822633292926;
253.222222222222,0.00129884180426296;
253.333333333333,0.00129865206525729;
253.444444444444,0.00129834146824672;
253.555555555556,0.00129746470879246;
253.666666666667,0.00130204101497166;
253.777777777778,0.00130099429636363;
253.888888888889,0.00130138359080246;
254,0.00130312737578967;
254.111111111111,0.00130085463826245;
254.222222222222,0.00130488853793943;
254.333333333333,0.00130419412334005;
254.444444444444,0.00130433697720889;
254.555555555556,0.00130352784806885;
254.666666666667,0.00130618976844476;
254.777777777778,0.00130355432864749;
254.888888888889,0.00130758059752574;
255,0.00130874507176577;
255.111111111111,0.00130507259236902;
255.222222222222,0.00130812474218975;
255.333333333333,0.00130846769384956;
255.444444444444,0.00130768346473654;
255.555555555556,0.00131016589284108;
255.666666666667,0.00131052815831561;
255.777777777778,0.00130924786752697;
255.888888888889,0.00131198096424134;
256,0.0013102827314829;
256.111111111111,0.00131228513236025;
256.222222222222,0.00131303763072739;
256.333333333333,0.0013152421861821;
256.444444444444,0.00131302789905291;
256.555555555556,0.00131579520477762;
256.666666666667,0.00131594621504156;
256.777777777778,0.00131707086990878;
256.888888888889,0.00131490282535398;
257,0.00131634715649911;
257.111111111111,0.00131524953270178;
257.222222222222,0.00131556739440208;
257.333333333333,0.00131776909910259;
257.444444444444,0.00131918638226156;
257.555555555556,0.00131775713400761;
257.666666666667,0.00131915309848142;
257.777777777778,0.00132204302044319;
257.888888888889,0.00131701707518916;
258,0.00132232169989284;
258.111111111111,0.00132192359295051;
258.222222222222,0.00132282983654475;
258.333333333333,0.00132268364668095;
258.444444444444,0.00132315165390753;
258.555555555556,0.00132717423989814;
258.666666666667,0.00132477015563759;
258.777777777778,0.00132526314103944;
258.888888888889,0.00132762951656137;
259,0.00132486006375392;
259.111111111111,0.00132628149527488;
259.222222222222,0.00133018041624777;
259.333333333333,0.00133154292308296;
259.444444444444,0.00133017894075108;
259.555555555556,0.00133152915613732;
259.666666666667,0.00132945131463047;
259.777777777778,0.00133203724156383;
259.888888888889,0.00133201430645415;
260,0.00133191049410091;
260.111111111111,0.00133210983404799;
260.222222222222,0.00133164971348661;
260.333333333333,0.0013359953398533;
260.444444444444,0.00133461945654562;
260.555555555556,0.00133303478841668;
260.666666666667,0.00133554863856437;
260.777777777778,0.00133926693812641;
260.888888888889,0.0013375378006156;
261,0.00133624668090613;
261.111111111111,0.00133566976353017;
261.222222222222,0.00134035552415059;
261.333333333333,0.00133897126616399;
261.444444444444,0.00133902952985294;
261.555555555556,0.00133876783892606;
261.666666666667,0.00134082979161834;
261.777777777778,0.00134162545277001;
261.888888888889,0.00134401957286489;
262,0.00134469719779935;
262.111111111111,0.00134465984482386;
262.222222222222,0.00134383717725654;
262.333333333333,0.0013430146810573;
262.444444444444,0.00134577582471907;
262.555555555556,0.00134853435697688;
262.666666666667,0.00134439909480658;
262.777777777778,0.00134866358482946;
262.888888888889,0.0013499735178119;
263,0.00134732953794401;
263.111111111111,0.00135070335104327;
263.222222222222,0.00135053562127751;
263.333333333333,0.00135081088091169;
263.444444444444,0.00135102912010398;
263.555555555556,0.00135277976236649;
263.666666666667,0.0013525277301202;
263.777777777778,0.00135296902879544;
263.888888888889,0.001354077649704;
264,0.00135609482070884;
264.111111111111,0.00135606789121528;
264.222222222222,0.00135690111117639;
264.333333333333,0.00135743099715082;
264.444444444444,0.00135963465988336;
264.555555555556,0.00135648822804898;
264.666666666667,0.00135807355404866;
264.777777777778,0.00135992741546644;
264.888888888889,0.00136115660857313;
265,0.00136349947351941;
265.111111111111,0.00136459289177842;
265.222222222222,0.0013625492392536;
265.333333333333,0.00136275723059731;
265.444444444444,0.00136649612455354;
265.555555555556,0.00136112699564809;
265.666666666667,0.00136647170530835;
265.777777777778,0.00136616596179164;
265.888888888889,0.0013665612055687;
266,0.00136892447584571;
266.111111111111,0.00136537031862895;
266.222222222222,0.00136851030086452;
266.333333333333,0.00136984719837793;
266.444444444444,0.00136746041365786;
266.555555555556,0.00136925334476177;
266.666666666667,0.00137329070844584;
266.777777777778,0.00137286389018653;
266.888888888889,0.00137417410412334;
267,0.00137551194969075;
267.111111111111,0.00137831047539641;
267.222222222222,0.00137381564955251;
267.333333333333,0.00137519205331314;
267.444444444444,0.00137856581732555;
267.555555555556,0.00137653434576913;
267.666666666667,0.00137711631484098;
267.777777777778,0.0013803425666579;
267.888888888889,0.00138012074408503;
268,0.00138183462141194;
268.111111111111,0.00138152289586171;
268.222222222222,0.00138136721654227;
268.333333333333,0.00138458748629124;
268.444444444444,0.00138318349502558;
268.555555555556,0.00138395980577323;
268.666666666667,0.00138487999574851;
268.777777777778,0.00138346732574842;
268.888888888889,0.00138655485990438;
269,0.00138761057680732;
269.111111111111,0.00138712427199125;
269.222222222222,0.0013877497742318;
269.333333333333,0.00138868026855567;
269.444444444444,0.00138836818703552;
269.555555555556,0.00139106577240895;
269.666666666667,0.00139089491289165;
269.777777777778,0.00139118338125388;
269.888888888889,0.00139192600526931;
270,0.00139574540933006;
270.111111111111,0.00139428085810332;
270.222222222222,0.0013963582479006;
270.333333333333,0.00139519914181692;
270.444444444444,0.00139894161848263;
270.555555555556,0.00139748372849138;
270.666666666667,0.00139935290249523;
270.777777777778,0.00139591570478157;
270.888888888889,0.00139993219548671;
271,0.00140093287759231;
271.111111111111,0.0014026016579588;
271.222222222222,0.00140285740598665;
271.333333333333,0.00140312088139141;
271.444444444444,0.00140135853784794;
271.555555555556,0.00140483555418114;
271.666666666667,0.00140536194943299;
271.777777777778,0.00140441454294357;
271.888888888889,0.00140925271007236;
272,0.00140835401377594;
272.111111111111,0.00140777558496484;
272.222222222222,0.00140954454217128;
272.333333333333,0.00140781261060396;
272.444444444444,0.00141203615249247;
272.555555555556,0.00141101354792781;
272.666666666667,0.00141114503910509;
272.777777777778,0.00141166840539849;
272.888888888889,0.00141203089891213;
273,0.00141316637357749;
273.111111111111,0.00141940880531725;
273.222222222222,0.00141804306323454;
273.333333333333,0.00141556791302766;
273.444444444444,0.00142046878842614;
273.555555555556,0.00141622076468999;
273.666666666667,0.00142012190235853;
273.777777777778,0.00141854854950467;
273.888888888889,0.00142039541276553;
274,0.00142361366573584;
274.111111111111,0.00142143825525686;
274.222222222222,0.00142493941418436;
274.333333333333,0.0014247727893007;
274.444444444444,0.0014231044495452;
274.555555555556,0.00142838429761845;
274.666666666667,0.001425571249677;
274.777777777778,0.00142849423078302;
274.888888888889,0.00142767582725992;
275,0.00142988588237306;
275.111111111111,0.00143024936907249;
275.222222222222,0.0014320956220769;
275.333333333333,0.00143105418005298;
275.444444444444,0.00143306324154226;
275.555555555556,0.00143414402347316;
275.666666666667,0.00143471892507386;
275.777777777778,0.00143671769635465;
275.888888888889,0.00143890041146211;
276,0.0014360769636473;
276.111111111111,0.00143958435828068;
276.222222222222,0.00144213386368957;
276.333333333333,0.00144006256383148;
276.444444444444,0.00144098433064178;
276.555555555556,0.00144198534573061;
276.666666666667,0.00144199453515438;
276.777777777778,0.00144360479372422;
276.888888888889,0.00144680750060388;
277,0.00144374580838951;
277.111111111111,0.001449470168608;
277.222222222222,0.0014494947290636;
277.333333333333,0.00144676878820997;
277.444444444444,0.00144984115393276;
277.555555555556,0.00144792792730807;
277.666666666667,0.00144993025788135;
277.777777777778,0.00144991025786807;
277.888888888889,0.00145249878677189;
278,0.00145059215444371;
278.111111111111,0.00145376469923695;
278.222222222222,0.00145701935249461;
278.333333333333,0.00145698974452641;
278.444444444444,0.00145706792218418;
278.555555555556,0.00145735034953279;
278.666666666667,0.00145992848337848;
278.777777777778,0.00145988423489144;
278.888888888889,0.00146050910663992;
279,0.00146336409384744;
279.111111111111,0.00146240158632712;
279.222222222222,0.00146500177819992;
279.333333333333,0.00146444455259275;
279.444444444444,0.00146877148101568;
279.555555555556,0.00146781534269794;
279.666666666667,0.00146962301396718;
279.777777777778,0.00147001319558012;
279.888888888889,0.00146930952749102;
280,0.00146885584620668;
280.111111111111,0.00147430831439962;
280.222222222222,0.00147421126561578;
280.333333333333,0.0014732849920418;
280.444444444444,0.00147493607333242;
280.555555555556,0.00147737552024514;
280.666666666667,0.00147767791212095;
280.777777777778,0.00147681546998505;
280.888888888889,0.00147816649939098;
281,0.00148013220290056;
281.111111111111,0.00148219347494979;
281.222222222222,0.00147974059920606;
281.333333333333,0.00147988662952701;
281.444444444444,0.00148517170621911;
281.555555555556,0.00148362821620277;
281.666666666667,0.00148425986535186;
281.777777777778,0.00148571133881119;
281.888888888889,0.001487020440898;
282,0.00148806380603168;
282.111111111111,0.00148918728142852;
282.222222222222,0.00149043876222177;
282.333333333333,0.00149199177238714;
282.444444444444,0.00149608877138058;
282.555555555556,0.0014911487618162;
282.666666666667,0.00149603795443049;
282.777777777778,0.00149532347265792;
282.888888888889,0.00149821708900125;
283,0.00149797954826517;
283.111111111111,0.00149959546997714;
283.222222222222,0.0014985801739731;
283.333333333333,0.00149840931648099;
283.444444444444,0.00150252577801587;
283.555555555556,0.00150271569200057;
283.666666666667,0.00150442785664891;
283.777777777778,0.0015046696418068;
283.888888888889,0.00150581761934735;
284,0.00150595106887157;
284.111111111111,0.00150740566521215;
284.222222222222,0.00150858582205195;
284.333333333333,0.00151034560365084;
284.444444444444,0.00151134500426625;
284.555555555556,0.00150956713358703;
284.666666666667,0.00151387871182724;
284.777777777778,0.00151350116241741;
284.888888888889,0.00151437966244438;
285,0.00151603967930479;
285.111111111111,0.00151565783552834;
285.222222222222,0.00151743194184314;
285.333333333333,0.00151930479598466;
285.444444444444,0.00151947338693966;
285.555555555556,0.00152186069797231;
285.666666666667,0.00152231904046411;
285.777777777778,0.00152551361448153;
285.888888888889,0.00152587009788384;
286,0.00152501731404527;
286.111111111111,0.00152678594887805;
286.222222222222,0.00152745530178782;
286.333333333333,0.00152922990892014;
286.444444444444,0.00153173275441888;
286.555555555556,0.00153088733053398;
286.666666666667,0.00153345586797326;
286.777777777778,0.00153169901958042;
286.888888888889,0.00153535981182189;
287,0.00153535461792864;
287.111111111111,0.00153845700841779;
287.222222222222,0.00153821629652543;
287.333333333333,0.00153813049096173;
287.444444444444,0.0015397709091336;
287.555555555556,0.0015437900878991;
287.666666666667,0.0015412112156213;
287.777777777778,0.00154424910769223;
287.888888888889,0.00154334441344292;
288,0.00154799820807883;
288.111111111111,0.00154615616438103;
288.222222222222,0.00154947792361252;
288.333333333333,0.00154834687436811;
288.444444444444,0.00155102807739522;
288.555555555556,0.0015510507770764;
288.666666666667,0.00155206477686585;
288.777777777778,0.00155646865460097;
288.888888888889,0.00155405216089562;
289,0.00155585762705986;
289.111111111111,0.00155965239357916;
289.222222222222,0.00155813319032577;
289.333333333333,0.00156186732583978;
289.444444444444,0.00156171941089059;
289.555555555556,0.00156242161639743;
289.666666666667,0.00156371813667483;
289.777777777778,0.0015639587178003;
289.888888888889,0.00156200801750976;
290,0.00156752458045755;
290.111111111111,0.00156475488466265;
290.222222222222,0.00157003801850465;
290.333333333333,0.00157130316432983;
290.444444444444,0.00157408555994781;
290.555555555556,0.00157223402905142;
290.666666666667,0.00157361573281169;
290.777777777778,0.00157484233593374;
290.888888888889,0.00157734294317922;
291,0.00157604789839392;
291.111111111111,0.00157911592133405;
291.222222222222,0.00157735651060357;
291.333333333333,0.00158325966747597;
291.444444444444,0.00158295701990889;
291.555555555556,0.00158411211158584;
291.666666666667,0.00158631472640282;
291.777777777778,0.00158546162309907;
291.888888888889,0.00158752616517396;
292,0.00159227204007807;
292.111111111111,0.00159070427866009;
292.222222222222,0.00158973735322912;
292.333333333333,0.00159346092836289;
292.444444444444,0.00159483230150918;
292.555555555556,0.00159320525632564;
292.666666666667,0.00159808540587703;
292.777777777778,0.00159974739746877;
292.888888888889,0.00160089163530059;
293,0.00159996160594343;
293.111111111111,0.00159921136965462;
293.222222222222,0.00160251853369621;
293.333333333333,0.00160225685391168;
293.444444444444,0.00160665605254354;
293.555555555556,0.00160673909559698;
293.666666666667,0.00161013017007419;
293.777777777778,0.00160910889356815;
293.888888888889,0.00160972160278954;
294,0.00161170391634223;
294.111111111111,0.00161370624980159;
294.222222222222,0.00161719236030735;
294.333333333333,0.00161639237016491;
294.444444444444,0.00161626998914442;
294.555555555556,0.0016177561469462;
294.666666666667,0.00161746549047534;
294.777777777778,0.00162247596685323;
294.888888888889,0.00162084076180221;
295,0.00162257492804524;
295.111111111111,0.00162528509811198;
295.222222222222,0.00162718419716716;
295.333333333333,0.0016277183769723;
295.444444444444,0.00163032383807056;
295.555555555556,0.00162883592862665;
295.666666666667,0.00163116723101353;
295.777777777778,0.00163213453390206;
295.888888888889,0.00163597640189185;
296,0.00163472424629069;
296.111111111111,0.00163700655619153;
296.222222222222,0.00163857041164259;
296.333333333333,0.00164091188001589;
296.444444444444,0.00164103001870523;
296.555555555556,0.00163972284447611;
296.666666666667,0.00164726142618207;
296.777777777778,0.0016461863695232;
296.888888888889,0.00165067330438149;
297,0.00164704812950912;
297.111111111111,0.00164985392685597;
297.222222222222,0.00165163838363687;
297.333333333333,0.00165304760239456;
297.444444444444,0.00165780614849576;
297.555555555556,0.00165507560477988;
297.666666666667,0.00165965003817191;
297.777777777778,0.00165943391360601;
297.888888888889,0.00166059509333341;
298,0.00166312585950819;
298.111111111111,0.0016639345696254;
298.222222222222,0.00166454241141481;
298.333333333333,0.00166456989249018;
298.444444444444,0.00166567490090288;
298.555555555556,0.00166955241865069;
298.666666666667,0.00167050136824062;
298.777777777778,0.00167106734912141;
298.888888888889,0.00167371875838331;
299,0.00167483410999567;
299.111111111111,0.0016767777611185;
299.222222222222,0.00167789159347948;
299.333333333333,0.00167673808419432;
299.444444444444,0.00168047727525398;
299.555555555556,0.00168247024871906;
299.666666666667,0.00168148471264855;
299.777777777778,0.00168544306240293;
299.888888888889,0.00168600319057538;
300,0.00168804214420586;
300.111111111111,0.00168992851540773;
300.222222222222,0.00169203290623219;
300.333333333333,0.00169363720177693;
300.444444444444,0.00169476038773175;
300.555555555556,0.0016969730569553;
300.666666666667,0.00169795377563183;
300.777777777778,0.00170118318196671;
300.888888888889,0.00170152592963213;
301,0.00170422482889178;
301.111111111111,0.00170220367830101;
301.222222222222,0.00170408719377842;
301.333333333333,0.00170991599566544;
301.444444444444,0.00170642782237447;
301.555555555556,0.00171051388591985;
301.666666666667,0.00170959849282583;
301.777777777778,0.00171447081964428;
301.888888888889,0.00171466354152855;
302,0.0017144797005605;
302.111111111111,0.00171679140811562;
302.222222222222,0.00171837812854315;
302.333333333333,0.00171873264615845;
302.444444444444,0.00172056403602301;
302.555555555556,0.00172505112473273;
302.666666666667,0.00172734663384874;
302.777777777778,0.00172832658983012;
302.888888888889,0.00173153167674787;
303,0.00172918824807201;
303.111111111111,0.00173139709318544;
303.222222222222,0.00173421085922687;
303.333333333333,0.00173651277734022;
303.444444444444,0.00173738842993213;
303.555555555556,0.00173971883886244;
303.666666666667,0.00174010994607659;
303.777777777778,0.00174114151776019;
303.888888888889,0.00174335881034689;
304,0.00174482931329123;
304.111111111111,0.00174639143458011;
304.222222222222,0.00174958116169013;
304.333333333333,0.0017531683294063;
304.444444444444,0.00174987713216291;
304.555555555556,0.00175339737727903;
304.666666666667,0.00175661483624073;
304.777777777778,0.00176017159816742;
304.888888888889,0.00175961582256621;
305,0.00176241075014254;
305.111111111111,0.00176408694061856;
305.222222222222,0.00176366737503064;
305.333333333333,0.0017650646876797;
305.444444444444,0.00176944541026653;
305.555555555556,0.00176982972671182;
305.666666666667,0.00177200365402487;
305.777777777778,0.00177274852293043;
305.888888888889,0.00177301816899767;
306,0.00177567845692909;
306.111111111111,0.00177911595204717;
306.222222222222,0.00177945834111909;
306.333333333333,0.00178417949982472;
306.444444444444,0.00178346696714283;
306.555555555556,0.00178439274539391;
306.666666666667,0.00178859522249262;
306.777777777778,0.00179093924235809;
306.888888888889,0.0017881759232841;
307,0.00179414140430135;
307.111111111111,0.00179450442002975;
307.222222222222,0.00179548138251352;
307.333333333333,0.00179856298265211;
307.444444444444,0.00179981003319715;
307.555555555556,0.0017998325636029;
307.666666666667,0.00180386418383981;
307.777777777778,0.00180544871537094;
307.888888888889,0.00180730100113962;
308,0.0018094071442354;
308.111111111111,0.00180779811500807;
308.222222222222,0.00181365892626523;
308.333333333333,0.00181017788761522;
308.444444444444,0.00181670970259028;
308.555555555556,0.00181686249832548;
308.666666666667,0.00181904980548442;
308.777777777778,0.00182398206467538;
308.888888888889,0.00182265987545284;
309,0.00182671073168453;
309.111111111111,0.00183031656909255;
309.222222222222,0.00182991532173704;
309.333333333333,0.00183105864045397;
309.444444444444,0.00183460101955968;
309.555555555556,0.00183368509954997;
309.666666666667,0.00183830639234294;
309.777777777778,0.00183944418049521;
309.888888888889,0.00184113912075327;
310,0.00184175970869814;
310.111111111111,0.00184492752380869;
310.222222222222,0.0018446561376029;
310.333333333333,0.00184940385610602;
310.444444444444,0.00185215572483596;
310.555555555556,0.00185492563562785;
310.666666666667,0.00185632345341134;
310.777777777778,0.00185663824615035;
310.888888888889,0.00185884755424794;
311,0.00186384214247545;
311.111111111111,0.00186604058460801;
311.222222222222,0.00186418870998302;
311.333333333333,0.00186702531984871;
311.444444444444,0.00187046001393311;
311.555555555556,0.00187150834146756;
311.666666666667,0.00187281184707663;
311.777777777778,0.00187614373238188;
311.888888888889,0.0018763888106272;
312,0.00188039234039787;
312.111111111111,0.00188033467384596;
312.222222222222,0.00188244383702268;
312.333333333333,0.00188573034775458;
312.444444444444,0.00188778074403972;
312.555555555556,0.00189017137363441;
312.666666666667,0.00189253880417021;
312.777777777778,0.00189438375020479;
312.888888888889,0.00189538313252725;
313,0.0018990597715356;
313.111111111111,0.00189952907751967;
313.222222222222,0.00189842019381184;
313.333333333333,0.00190728411749606;
313.444444444444,0.00190924793713436;
313.555555555556,0.00191099215741531;
313.666666666667,0.00191454504544604;
313.777777777778,0.00191347970815425;
313.888888888889,0.00191900698640115;
314,0.00191623458943884;
314.111111111111,0.00191912098951961;
314.222222222222,0.00192196330191045;
314.333333333333,0.00192296753039606;
314.444444444444,0.0019266340882812;
314.555555555556,0.00192917963052862;
314.666666666667,0.00192985227929641;
314.777777777778,0.00193498838462537;
314.888888888889,0.00193456418403151;
315,0.00193484720672177;
315.111111111111,0.00193884422911034;
315.222222222222,0.00193987785173727;
315.333333333333,0.00194557780935972;
315.444444444444,0.00194763074475079;
315.555555555556,0.0019492307676894;
315.666666666667,0.00195343826896971;
315.777777777778,0.00195476410514151;
315.888888888889,0.00195757160471275;
316,0.00195761002592489;
316.111111111111,0.00196070935655682;
316.222222222222,0.00196244402902553;
316.333333333333,0.00196459429265665;
316.444444444444,0.00196739327024035;
316.555555555556,0.00196807387537408;
316.666666666667,0.00197022555146072;
316.777777777778,0.00197311054598476;
316.888888888889,0.00197679984880032;
317,0.00197887624652083;
317.111111111111,0.00198003776120803;
317.222222222222,0.0019859067713986;
317.333333333333,0.00198681757342883;
317.444444444444,0.00198811133630919;
317.555555555556,0.00198961140335359;
317.666666666667,0.00199507296218278;
317.777777777778,0.001999296127227;
317.888888888889,0.00199834540307645;
318,0.00200113955356098;
318.111111111111,0.00200275362091123;
318.222222222222,0.00200195603176372;
318.333333333333,0.00200812625555338;
318.444444444444,0.00201014420065519;
318.555555555556,0.00201154175973658;
318.666666666667,0.00201580868501302;
318.777777777778,0.00201552743109529;
318.888888888889,0.00201945531822405;
319,0.00202319025074196;
319.111111111111,0.00202562681305028;
319.222222222222,0.00202749575253956;
319.333333333333,0.00202993793940911;
319.444444444444,0.00203232411060398;
319.555555555556,0.00203237411584138;
319.666666666667,0.00203896682968373;
319.777777777778,0.00203851136557393;
319.888888888889,0.00204133561723223;
320,0.00204526321066394;
320.111111111111,0.00205125968122802;
320.222222222222,0.00204857474526342;
320.333333333333,0.00205264691599127;
320.444444444444,0.00205586395064332;
320.555555555556,0.00205822053711044;
320.666666666667,0.00206003343100772;
320.777777777778,0.00206306051529;
320.888888888889,0.00206773285833579;
321,0.00207113340841468;
321.111111111111,0.00206815892475043;
321.222222222222,0.0020725133354649;
321.333333333333,0.00207329063048621;
321.444444444444,0.00207750850081866;
321.555555555556,0.0020799627692073;
321.666666666667,0.00208469183531898;
321.777777777778,0.00208754247054756;
321.888888888889,0.00208837800456801;
322,0.00209253353798283;
322.111111111111,0.00209799666972336;
322.222222222222,0.00209801490439735;
322.333333333333,0.00210153449010046;
322.444444444444,0.00210225611230722;
322.555555555556,0.0021076869393138;
322.666666666667,0.0021102382721529;
322.777777777778,0.0021104514478022;
322.888888888889,0.00211388455047961;
323,0.00211967732575369;
323.111111111111,0.00212032664223363;
323.222222222222,0.00212303370535238;
323.333333333333,0.00212822510603264;
323.444444444444,0.00212999589495388;
323.555555555556,0.00213025193504339;
323.666666666667,0.00213401702393588;
323.777777777778,0.00213735895358353;
323.888888888889,0.00213962076481772;
324,0.00214383601129504;
324.111111111111,0.00214524462934811;
324.222222222222,0.00214929297714493;
324.333333333333,0.00215308270947295;
324.444444444444,0.0021539972781907;
324.555555555556,0.00215979102059672;
324.666666666667,0.00216279641276633;
324.777777777778,0.00216437801215597;
324.888888888889,0.00216540170298977;
325,0.00217072656117641;
325.111111111111,0.00217336440651425;
325.222222222222,0.0021776237650885;
325.333333333333,0.0021788328120245;
325.444444444444,0.00218349274383439;
325.555555555556,0.00218491303335357;
325.666666666667,0.00218856579962994;
325.777777777778,0.00219236686209015;
325.888888888889,0.00219307470540558;
326,0.00219899988440729;
326.111111111111,0.00220087315881517;
326.222222222222,0.00220289317583333;
326.333333333333,0.00220639254660745;
326.444444444444,0.00221067212353206;
326.555555555556,0.00221318381017134;
326.666666666667,0.00221726879806496;
326.777777777778,0.0022216204139584;
326.888888888889,0.00222386708231859;
327,0.00222728689204265;
327.111111111111,0.00223055558152638;
327.222222222222,0.0022349868307508;
327.333333333333,0.00223295017116975;
327.444444444444,0.00223721867811364;
327.555555555556,0.00224109946075286;
327.666666666667,0.00224862817866607;
327.777777777778,0.00224804016643738;
327.888888888889,0.00225220050929199;
328,0.00225447885691785;
328.111111111111,0.00225700727524146;
328.222222222222,0.00226247107611596;
328.333333333333,0.00226492977435287;
328.444444444444,0.00226536962219786;
328.555555555556,0.00226834156540501;
328.666666666667,0.00227544486970889;
328.777777777778,0.00227861212687411;
328.888888888889,0.00228190259476723;
329,0.00228485752489212;
329.111111111111,0.0022869944387414;
329.222222222222,0.00229407585821473;
329.333333333333,0.00229474976192317;
329.444444444444,0.0022973302467357;
329.555555555556,0.00230323444033774;
329.666666666667,0.00230534575699686;
329.777777777778,0.00231088743104496;
329.888888888889,0.00231194729445047;
330,0.00231501341168352;
330.111111111111,0.00231908000152277;
330.222222222222,0.00232205885728689;
330.333333333333,0.00232841428985799;
330.444444444444,0.00233159283304268;
330.555555555556,0.00233203112323599;
330.666666666667,0.00233750213734742;
330.777777777778,0.00234373833705274;
330.888888888889,0.00234302118477045;
331,0.00234930400566353;
331.111111111111,0.00235168714952595;
331.222222222222,0.00235467841377732;
331.333333333333,0.00235976328134058;
331.444444444444,0.00236209785312466;
331.555555555556,0.00236828141214978;
331.666666666667,0.00236913945426552;
331.777777777778,0.00237266827635323;
331.888888888889,0.00237664891285036;
332,0.00238068307670248;
332.111111111111,0.00238455260985242;
332.222222222222,0.00238730516534062;
332.333333333333,0.00239230253870087;
332.444444444444,0.00239505300083747;
332.555555555556,0.00239931655165035;
332.666666666667,0.00240297640695208;
332.777777777778,0.00240840699580682;
332.888888888889,0.00241024487713322;
333,0.00241583313585716;
333.111111111111,0.00241946242587244;
333.222222222222,0.00242555039833158;
333.333333333333,0.00242677421863625;
333.444444444444,0.00243273581886269;
333.555555555556,0.00243506584192137;
333.666666666667,0.00243999828650537;
333.777777777778,0.00244244887768425;
333.888888888889,0.00244996215663998;
334,0.00245137797822578;
334.111111111111,0.00245683940398102;
334.222222222222,0.00245914727917934;
334.333333333333,0.00246206550577232;
334.444444444444,0.00246838979988888;
334.555555555556,0.00247199605814811;
334.666666666667,0.0024773427870344;
334.777777777778,0.00248077916437052;
334.888888888889,0.00248573266464516;
335,0.00248828493289186;
335.111111111111,0.00249248012795567;
335.222222222222,0.00249509396018092;
335.333333333333,0.0025008546119758;
335.444444444444,0.00250530784113294;
335.555555555556,0.00250990549980096;
335.666666666667,0.00251379292352271;
335.777777777778,0.00251710939203596;
335.888888888889,0.00252416346286412;
336,0.00252568483304991;
336.111111111111,0.0025294154733625;
336.222222222222,0.00253724051000819;
336.333333333333,0.00253822434213105;
336.444444444444,0.00254285229783099;
336.555555555556,0.00255380677501666;
336.666666666667,0.00255172052977491;
336.777777777778,0.00255943478742088;
336.888888888889,0.00256051922172635;
337,0.00256733750027432;
337.111111111111,0.00257212897862506;
337.222222222222,0.00257611988441176;
337.333333333333,0.00258084899716686;
337.444444444444,0.00258763148894948;
337.555555555556,0.00259243871491945;
337.666666666667,0.00259304134134582;
337.777777777778,0.00260019153396076;
337.888888888889,0.00260132910542717;
338,0.0026066026945496;
338.111111111111,0.0026104381412218;
338.222222222222,0.00261700068442561;
338.333333333333,0.00262439563451321;
338.444444444444,0.00262999891477656;
338.555555555556,0.00263056803106143;
338.666666666667,0.00263626536266728;
338.777777777778,0.00264284201581703;
338.888888888889,0.00264518280377588;
339,0.00265153748148336;
339.111111111111,0.00265769580197661;
339.222222222222,0.0026610833101378;
339.333333333333,0.00266647900572785;
339.444444444444,0.00266981588268588;
339.555555555556,0.00267469593499091;
339.666666666667,0.00268252127731221;
339.777777777778,0.00268563872828307;
339.888888888889,0.00268900615325065;
340,0.00269237525896342;
340.111111111111,0.00269890391773106;
340.222222222222,0.00270524931765687;
340.333333333333,0.0027096242129619;
340.444444444444,0.00271692737664825;
340.555555555556,0.00272147281562508;
340.666666666667,0.00272924304052663;
340.777777777778,0.00273126215095854;
340.888888888889,0.00273919858873195;
341,0.0027432102669464;
341.111111111111,0.00274753339027136;
341.222222222222,0.0027549098081758;
341.333333333333,0.00275801078415645;
341.444444444444,0.00276433473680226;
341.555555555556,0.00276918387481573;
341.666666666667,0.00277612527295484;
341.777777777778,0.00278402845593853;
341.888888888889,0.00278525794331004;
342,0.00279147631884152;
342.111111111111,0.00279775376938012;
342.222222222222,0.00280330212208089;
342.333333333333,0.0028071043752673;
342.444444444444,0.00281407850274333;
342.555555555556,0.0028209582172091;
342.666666666667,0.0028252669885314;
342.777777777778,0.00283328991675579;
342.888888888889,0.00283622998715351;
343,0.00284460447663547;
343.111111111111,0.00285025460795639;
343.222222222222,0.00285691549894467;
343.333333333333,0.00285782459375185;
343.444444444444,0.00286555943089417;
343.555555555556,0.00287245846250241;
343.666666666667,0.0028791429135254;
343.777777777778,0.00288365193816878;
343.888888888889,0.00289265021188511;
344,0.0028962036556396;
344.111111111111,0.00290296326565478;
344.222222222222,0.00291191894288285;
344.333333333333,0.00291664139433231;
344.444444444444,0.00292204466103102;
344.555555555556,0.00292421499319915;
344.666666666667,0.00293650993047084;
344.777777777778,0.00293990508207523;
344.888888888889,0.00294818979474759;
345,0.0029561595673933;
345.111111111111,0.00295811295267499;
345.222222222222,0.00296634858233721;
345.333333333333,0.00297423878729208;
345.444444444444,0.00297803406779463;
345.555555555556,0.00298778610778342;
345.666666666667,0.00299553251727917;
345.777777777778,0.00300155159351924;
345.888888888889,0.00300476150005374;
346,0.00301574643467166;
346.111111111111,0.00302265850072172;
346.222222222222,0.003027347473538;
346.333333333333,0.00303460950764783;
346.444444444444,0.00304376455708346;
346.555555555556,0.00305010958505937;
346.666666666667,0.0030564774410831;
346.777777777778,0.00306082149261423;
346.888888888889,0.00307000256649836;
347,0.00307537081921399;
347.111111111111,0.00308227947591351;
347.222222222222,0.00309224518752916;
347.333333333333,0.00309987832777402;
347.444444444444,0.00310601633838947;
347.555555555556,0.00311262355795391;
347.666666666667,0.00311994551240285;
347.777777777778,0.00313094098303133;
347.888888888889,0.00313698597316309;
348,0.00314762823248327;
348.111111111111,0.0031562215963888;
348.222222222222,0.00316411833604387;
348.333333333333,0.00316872967282982;
348.444444444444,0.00318345311420758;
348.555555555556,0.00318540687340545;
348.666666666667,0.00319374989798909;
348.777777777778,0.00320708633013769;
348.888888888889,0.00320788931902959;
349,0.00321833579863041;
349.111111111111,0.00323469650340899;
349.222222222222,0.003230583064355;
349.333333333333,0.00324900439886955;
349.444444444444,0.00326068852324831;
349.555555555556,0.00326723179665824;
349.666666666667,0.00327139926277639;
349.777777777778,0.00328651567985919;
349.888888888889,0.00329013640776891;
350,0.00330399943037906;
350.111111111111,0.00331520783324064;
350.222222222222,0.00332363560767175;
350.333333333333,0.00332802902991396;
350.444444444444,0.00333592736393513;
350.555555555556,0.00334996193359665;
350.666666666667,0.00336668363078482;
350.777777777778,0.00337891293857086;
350.888888888889,0.00338994527169869;
351,0.00338257264953364;
351.111111111111,0.00339314518935295;
351.222222222222,0.0034324076450486;
351.333333333333,0.00343989602503933;
351.444444444444,0.00344641122161533;
351.555555555556,0.00347765388149304;
351.666666666667,0.00344257445612666;
351.777777777778,0.00347278498103733;
351.888888888889,0.00354519936201601;
352,0.00352883646280435;
352.111111111111,0.00353191380760423;
352.222222222222,0.00360290275880807;
352.333333333333,0.00352093354126887;
352.444444444444,0.00360990501946858;
352.555555555556,0.00374389229336232;
352.666666666667,0.00367228548686417;
352.777777777778,0.00366217744420252;
352.888888888889,0.00391709849593972;
353,0.00361892127056385;
353.111111111111,0.00403550922423162;
353.222222222222,0.00462849357376126;
353.333333333333,0.00536667862467395;
353.444444444444,0.0014417127912997;
353.555555555556,0.0056440142156016;
353.666666666667,0.00675857171641421;
353.777777777778,0.00303336139199367;
353.888888888889,0.00724177994505298;
354,0.0094125474884705;
354.111111111111,0.00513955388731315;
354.222222222222,0.00765024348826802;
354.333333333333,0.00680730970043123;
354.444444444444,0.00534598177826963;
354.555555555556,0.00852571545081213;
354.666666666667,0.0138810216735473;
354.777777777778,0.00483092508035272;
354.888888888889,0.0123583750922675;
355,0.00585321971755853;
355.111111111111,0.0130677546058766;
355.222222222222,0.00948140904846279;
355.333333333333,0.00353483214542614;
355.444444444444,0.00965889405673285;
355.555555555556,0.0127224882339804;
355.666666666667,0.00446306743888941;
355.777777777778,0.00617993033329747;
355.888888888889,0.0036245293075749;
356,0.0107281732136217;
356.111111111111,0.0104367983166032;
356.222222222222,0.000998220154771206;
356.333333333333,0.00710414045656702;
356.444444444444,0.00653974590259025;
356.555555555556,0.00456581867165653;
356.666666666667,0.0104759800803026;
356.777777777778,0.00951864767937254;
356.888888888889,0.00949151742449875;
357,0.00403639298153824;
357.111111111111,0.00396846399977487;
357.222222222222,0.00817606897788799;
357.333333333333,0.0120846121428245;
357.444444444444,0.00414470963671161;
357.555555555556,0.00466691721419358;
357.666666666667,0.00879069832575197;
357.777777777778,0.0102073302731719;
357.888888888889,0.00630013856366037;
358,0.00923162246439986;
358.111111111111,0.0136979476916282;
358.222222222222,0.0146716724657785;
358.333333333333,0.00368741723948469;
358.444444444444,0.00133761063499057;
358.555555555556,0.0112054519038475;
358.666666666667,0.00410569562335823;
358.777777777778,0.00398680149425852;
358.888888888889,0.00736877226259225;
359,0.00796644109570351;
359.111111111111,0.00820352783907719;
359.222222222222,0.0171043370603089;
359.333333333333,0.0107575849921615;
359.444444444444,0.00438827048491728;
359.555555555556,0.00613160990182201;
359.666666666667,0.00468979391316218;
359.777777777778,0.00164597887156759;
359.888888888889,0.00850283819917017;
360,0.00514575523128295;
360.111111111111,0.014524267457222;
360.222222222222,0.000786332850029698;
360.333333333333,0.0118679068636792;
360.444444444444,0.0206372015253292;
360.555555555556,0.00295732844686106;
360.666666666667,0.00538027422026439;
360.777777777778,0.0115285137994523;
360.888888888889,0.0124121450781097;
361,0.00608203385135011;
361.111111111111,0.0095959282786013;
361.222222222222,0.0064945024350481;
361.333333333333,0.00412561448902346;
361.444444444444,0.00766551214679393;
361.555555555556,0.000641493699265858;
361.666666666667,0.00595720961543471;
361.777777777778,0.00571619182815503;
361.888888888889,0.00710518823079648;
362,0.00718776859423457;
362.111111111111,0.00631135480975543;
362.222222222222,0.00954914860036792;
362.333333333333,0.0022725296338104;
362.444444444444,0.00474494993219731;
362.555555555556,0.00133520658599594;
362.666666666667,0.002913598658451;
362.777777777778,0.00183765769831357;
362.888888888889,0.00312023771817714;
363,0.00568980287015204;
363.111111111111,0.00589112449032919;
363.222222222222,0.0105355963034405;
363.333333333333,0.00840101095244064;
363.444444444444,0.00234626409283033;
363.555555555556,0.00697984752601648;
363.666666666667,0.0152461764285226;
363.777777777778,0.00300580359724809;
363.888888888889,0.00692924135707532;
364,0.00245491063904883;
364.111111111111,0.00881938516797185;
364.222222222222,0.00643623773284248;
364.333333333333,0.0114881256496528;
364.444444444444,0.00258574331404274;
364.555555555556,0.0117162280133228;
364.666666666667,0.00675541554445292;
364.777777777778,0.00919404236315146;
364.888888888889,0.00515128517985484;
365,0.0163202029425059;
365.111111111111,0.0100344189011195;
365.222222222222,0.0118622876902359;
365.333333333333,0.00525699258700607;
365.444444444444,0.0168795854321047;
365.555555555556,0.00413164135575161;
365.666666666667,0.0110764594991024;
365.777777777778,0.0205808553946222;
365.888888888889,0.00834824524472668;
366,0.0048795624467214;
366.111111111111,0.00775023633818668;
366.222222222222,0.0145778168399773;
366.333333333333,0.00492369570008981;
366.444444444444,0.0146585507756308;
366.555555555556,0.00611414591049443;
366.666666666667,0.00774370975460792;
366.777777777778,0.013003569037245;
366.888888888889,0.0126592274692691;
367,0.0164483350488383;
367.111111111111,0.00535130422942284;
367.222222222222,0.00631505452046686;
367.333333333333,0.00669243744184181;
367.444444444444,0.0155681002664684;
367.555555555556,0.00707740679986821;
367.666666666667,0.00372162058304076;
367.777777777778,0.00984070545307193;
367.888888888889,0.0104128123116844;
368,0.0108494242571385;
368.111111111111,0.0139677879717233;
368.222222222222,0.0176001109798593;
368.333333333333,0.00559431863705563;
368.444444444444,0.0109133119216815;
368.555555555556,0.011529368850711;
368.666666666667,0.00703886713583022;
368.777777777778,0.0111582595493949;
368.888888888889,0.0131312273829126;
369,0.0200883653241379;
369.111111111111,0.0087094371376544;
369.222222222222,0.0136238416789144;
369.333333333333,0.0122033342393277;
369.444444444444,0.0101303447426361;
369.555555555556,0.00867303901574389;
369.666666666667,0.0122757128664867;
369.777777777778,0.00873142269700659;
369.888888888889,0.00547513619686945;
370,0.0157823336646391;
370.111111111111,0.00831052479866742;
370.222222222222,0.0095377199173637;
370.333333333333,0.0200869613500516;
370.444444444444,0.00697987203514856;
370.555555555556,0.015400544596658;
370.666666666667,0.00919299265827909;
370.777777777778,0.0124441430322852;
370.888888888889,0.00746375141162263;
371,0.00418614518310851;
371.111111111111,0.0121989802664531;
371.222222222222,0.00731571792568384;
371.333333333333,0.00599584417919147;
371.444444444444,0.0163425765349066;
371.555555555556,0.0120449624877321;
371.666666666667,0.00552416153182009;
371.777777777778,0.00924815952139149;
371.888888888889,0.00980074660720714;
372,0.0178217076940803;
372.111111111111,0.0110900894635085;
372.222222222222,0.0206722407067604;
372.333333333333,0.00836067980507677;
372.444444444444,0.0102033215554817;
372.555555555556,0.0204421559467999;
372.666666666667,0.00686290101865278;
372.777777777778,0.00739651416638514;
372.888888888889,0.018474204977137;
373,0.0116527634875231;
373.111111111111,0.00323323621827963;
373.222222222222,0.0188735413525389;
373.333333333333,0.00604305588797703;
373.444444444444,0.0126399519425788;
373.555555555556,0.0292960780953663;
373.666666666667,0.0102233290030147;
373.777777777778,0.00226915084350818;
373.888888888889,0.0123668417301361;
374,0.0142449884526671;
374.111111111111,0.00524474960432401;
374.222222222222,0.00339791653895617;
374.333333333333,0.0157177071907143;
374.444444444444,0.0135642554458505;
374.555555555556,0.0131413088342414;
374.666666666667,0.0269044671519734;
374.777777777778,0.0100720014254999;
374.888888888889,0.0242292423879635;
375,0.0190786893577336;
375.111111111111,0.00246754571341371;
375.222222222222,0.0145759341023386;
375.333333333333,0.0279426980320091;
375.444444444444,0.0161029762411789;
375.555555555556,0.0112726384486059;
375.666666666667,0.0125981793362622;
375.777777777778,0.0168637387620743;
375.888888888889,0.0226468918263776;
376,0.0258167337589073;
376.111111111111,0.055389277019851;
376.222222222222,0.0230939490848622;
376.333333333333,0.0522626725101407;
376.444444444444,0.0432706689853228;
376.555555555556,0.0304508452196852;
376.666666666667,0.0494574984363686;
376.777777777778,0.0364353731072879;
376.888888888889,0.0274547482013782;
377,0.0699647117203022;
377.111111111111,0.0186659240295206;
377.222222222222,0.0202133466870262;
377.333333333333,0.0542959025640158;
377.444444444444,0.0395806519455229;
377.555555555556,0.0424390126164393;
377.666666666667,0.016373890923797;
377.777777777778,0.0172214664432995;
377.888888888889,0.0291898542591718;
378,0.0368340034858553;
378.111111111111,0.060519574730407;
378.222222222222,0.0253521931396006;
378.333333333333,0.00536724828330034;
378.444444444444,0.0620848613526727;
378.555555555556,0.0793333777105001;
378.666666666667,0.0707623001811354;
378.777777777778,0.0408040762744986;
378.888888888889,0.0153867254529408;
379,0.119417923730156;
379.111111111111,0.130119663699311;
379.222222222222,0.0197434568446987;
379.333333333333,0.0195836391827767;
379.444444444444,0.0689687765945469;
379.555555555556,0.0451700539862154;
379.666666666667,0.0273795754517364;
379.777777777778,0.0238212623603007;
379.888888888889,0.0525612558875553;
380,0.0778837211388373;
380.111111111111,0.0431876635694765;
380.222222222222,0.0111194010661061;
380.333333333333,0.00566648165499041;
380.444444444444,0.0378893552088988;
380.555555555556,0.0405155311328946;
380.666666666667,0.0246918808384538;
380.777777777778,0.0463712927893539;
380.888888888889,0.0302553252979837;
381,0.0883859961442139;
381.111111111111,0.0382491079695367;
381.222222222222,0.0120992232169465;
381.333333333333,0.0215689703690131;
381.444444444444,0.0444892768197324;
381.555555555556,0.0309874012069294;
381.666666666667,0.0283777591908007;
381.777777777778,0.0214470295762761;
381.888888888889,0.066540920663454;
382,0.0169475943129421;
382.111111111111,0.028298395501774;
382.222222222222,0.0224545481006729;
382.333333333333,0.030874093962467;
382.444444444444,0.0732170998927454;
382.555555555556,0.0598831922798165;
382.666666666667,0.0393148168225288;
382.777777777778,0.0116445151953202;
382.888888888889,0.00999727307460149;
383,0.0189190778194929;
383.111111111111,0.0115730442019982;
383.222222222222,0.0211350532712893;
383.333333333333,0.0228950848804628;
383.444444444444,0.0191210633048084;
383.555555555556,0.0316045188346822;
383.666666666667,0.039893175918263;
383.777777777778,0.0405033628630653;
383.888888888889,0.0747649661354339;
384,0.122876639490401;
384.111111111111,0.0958467214454981;
384.222222222222,0.0571636025555421;
384.333333333333,0.0353806570286394;
384.444444444444,0.0401426787606714;
384.555555555556,0.00919006766239976;
384.666666666667,0.0152041750350029;
384.777777777778,0.0169271295977179;
384.888888888889,0.0226181782691887;
385,0.0389839776113452;
385.111111111111,0.0255045807000896;
385.222222222222,0.0163233739457695;
385.333333333333,0.0111175772778777;
385.444444444444,0.0288458335202992;
385.555555555556,0.0202498528656723;
385.666666666667,0.0301714117910154;
385.777777777778,0.0107643326071215;
385.888888888889,0.0265596955843297;
386,0.0203716537688371;
386.111111111111,0.0212536317713677;
386.222222222222,0.0139714223345183;
386.333333333333,0.0195385155086221;
386.444444444444,0.0087201563718963;
386.555555555556,0.0490377053398092;
386.666666666667,0.049654915303896;
386.777777777778,0.00459299695548331;
386.888888888889,0.0204898057626003;
387,0.0135326315967128;
387.111111111111,0.0175645334547269;
387.222222222222,0.0176391455564846;
387.333333333333,0.0242899198878971;
387.444444444444,0.0324400092494751;
387.555555555556,0.00366477892183378;
387.666666666667,0.0194370184377912;
387.777777777778,0.00879065966049141;
387.888888888889,0.0475469360257972;
388,0.10414019857723;
388.111111111111,0.164689576670067;
388.222222222222,0.0925085556402334;
388.333333333333,0.200583350347748;
388.444444444444,0.0396086378641502;
388.555555555556,0.0222032575015544;
388.666666666667,0.019247313049897;
388.777777777778,0.0271989844733831;
388.888888888889,0.0318169282462258;
389,0.0283580645477153;
389.111111111111,0.00372250183719947;
389.222222222222,0.0281444101646812;
389.333333333333,0.0621595841985609;
389.444444444444,0.0061651957901428;
389.555555555556,0.00611340196868022;
389.666666666667,0.0355296807790396;
389.777777777778,0.0125050549298082;
389.888888888889,0.0569249569481565;
390,0.0512510415374113;
390.111111111111,0.0370835793258846;
390.222222222222,0.00485473889750788;
390.333333333333,0.0806700668438449;
390.444444444444,0.285810930812865;
390.555555555556,0.141466433147014;
390.666666666667,0.0627435901262444;
390.777777777778,0.00725277929295746;
390.888888888889,0.0710794038429637;
391,0.0553794396594786;
391.111111111111,0.148026167570535;
391.222222222222,0.0314255336551633;
391.333333333333,0.0180969069172557;
391.444444444444,0.0445845274579117;
391.555555555556,0.0421354859598595;
391.666666666667,0.0273184060503551;
391.777777777778,0.0401706329880595;
391.888888888889,0.040390650025876;
392,0.0337135334726385;
392.111111111111,0.0124594845374719;
392.222222222222,0.015091151827212;
392.333333333333,0.0159332636426252;
392.444444444444,0.0585770199583364;
392.555555555556,0.00555817906055824;
392.666666666667,0.0621460722362957;
392.777777777778,0.0775402982305531;
392.888888888889,0.0588925087735706;
393,0.037326831913976;
393.111111111111,0.0209824484442053;
393.222222222222,0.0537426327516643;
393.333333333333,0.058609462917944;
393.444444444444,0.0259367349349239;
393.555555555556,0.0205174504787392;
393.666666666667,0.0348187054972726;
393.777777777778,0.0165986028086983;
393.888888888889,0.0492807204892409;
394,0.16578102645049;
394.111111111111,0.0167043133705654;
394.222222222222,0.0505939675034063;
394.333333333333,0.0311371655552434;
394.444444444444,0.067800484971837;
394.555555555556,0.090952598728434;
394.666666666667,0.131750341186764;
394.777777777778,0.0427877978036146;
394.888888888889,0.00992511523691679;
395,0.039073616745187;
395.111111111111,0.0288218610569656;
395.222222222222,0.0530323177910444;
395.333333333333,0.030424311494357;
395.444444444444,0.0328672095686741;
395.555555555556,0.0334222381334552;
395.666666666667,0.0352663178810121;
395.777777777778,0.0195149139295835;
395.888888888889,0.0202834446325152;
396,0.0420788595312617;
396.111111111111,0.0578151785496031;
396.222222222222,0.0838132908933821;
396.333333333333,0.0262718295651147;
396.444444444444,0.0352599676603746;
396.555555555556,0.0818494904864966;
396.666666666667,0.0202046877445877;
396.777777777778,0.0367047482977091;
396.888888888889,0.100856148797328;
397,0.170447983556095;
397.111111111111,0.136724038294471;
397.222222222222,0.0691857673879304;
397.333333333333,0.0887623093555863;
397.444444444444,0.0698105234201105;
397.555555555556,0.109541530769981;
397.666666666667,0.0301950961609876;
397.777777777778,0.0390481247038576;
397.888888888889,0.021851131427282;
398,0.0446910216317439;
398.111111111111,0.0123770279908319;
398.222222222222,0.0624649446393832;
398.333333333333,0.00915721556294797;
398.444444444444,0.0415852897501237;
398.555555555556,0.0539460438041922;
398.666666666667,0.0691445719133325;
398.777777777778,0.130186837352844;
398.888888888889,0.0606657523104417;
399,0.211488177441903;
399.111111111111,0.41782271348759;
399.222.222.222.222,00;
399.333333333333,0.118437811953234;
399.444444444444,0.0370712059124867;
399.555555555556,0.0448163145283804;
399.666666666667,0.0550349279866064;
399.777777777778,0.0275528498050237;
399.888888888889,0.0271917762600113;
