0,0.0534532753642989
0.111111111111111,0.0559665380851742
0.222222222222222,0.0933640747760754
0.333333333333333,0.10043338691781
0.444444444444444,0.10080523509304
0.555555555555556,0.101550056895933
0.666666666666667,0.193376215255367
0.777777777777778,1
0.888888888888889,0.18295450290877
1,0.170039596979923
1.11111111111111,0.0872196656738811
1.22222222222222,0.0714553829970002
1.33333333333333,0.022799782475419
1.44444444444444,0.0231909731194842
1.55555555555556,0.0547998778062872
1.66666666666667,0.0216260821047021
1.77777777777778,0.0631548150120696
1.88888888888889,0.102643972567027
2,0.128948375953801
2.11111111111111,0.0865267894076851
2.22222222222222,0.0736559366335535
2.33333333333333,0.154978908559902
2.44444444444444,0.313537621311684
2.55555555555556,0.107884383666006
2.66666666666667,0.137207646310664
2.77777777777778,0.112281071773622
2.88888888888889,0.181776980617187
3,0.106276753308315
3.11111111111111,0.112779852445542
3.22222222222222,0.0642597531478167
3.33333333333333,0.0489657612025379
3.44444444444444,0.111075723791157
3.55555555555556,0.103186232130412
3.66666666666667,0.112352257729788
3.77777777777778,0.0866050164896665
3.88888888888889,0.0366337956166145
4,0.0649657613930162
4.11111111111111,0.0464696116415936
4.22222222222222,0.0797033111172354
4.33333333333333,0.0943947405665894
4.44444444444444,0.0688810951287065
4.55555555555556,0.0196907195821716
4.66666666666667,0.0414569311219896
4.77777777777778,0.0271360809345502
4.88888888888889,0.0257483554842311
5,0.0414051804912428
5.11111111111111,0.0401857847946097
5.22222222222222,0.0171440817379343
5.33333333333333,0.107626428897859
5.44444444444444,0.0500393999568108
5.55555555555556,0.026320075965726
5.66666666666667,0.0284653793815214
5.77777777777778,0.0857940844290353
5.88888888888889,0.0439994879346248
6,0.0422390852234547
6.11111111111111,0.0598702968476461
6.22222222222222,0.0244739797010484
6.33333333333333,0.0700045254974031
6.44444444444444,0.0269504794546736
6.55555555555556,0.0283977848862579
6.66666666666667,0.0308067436827638
6.77777777777778,0.0330324169374584
6.88888888888889,0.0179245946241827
7,0.0248392506294274
7.11111111111111,0.0231227091054523
7.22222222222222,0.0176581932348727
7.33333333333333,0.0194816759330135
7.44444444444444,0.0361960539115628
7.55555555555556,0.041528132436202
7.66666666666667,0.0210213695423067
7.77777777777778,0.0163743216184192
7.88888888888889,0.0398665981827339
8,0.0288275007844348
8.11111111111111,0.0141556903321564
8.22222222222222,0.0235400158080363
8.33333333333333,0.00732491661022482
8.44444444444444,0.0491395136956933
8.55555555555556,0.0117622071710509
8.66666666666667,0.0489292170613457
8.77777777777778,0.00791530053112253
8.88888888888889,0.0200205794232108
9,0.0355976582570654
9.11111111111111,0.00647058010333279
9.22222222222222,0.069684735220735
9.33333333333333,0.0436961182058967
9.44444444444444,0.0309111835879208
9.55555555555556,0.182950649844939
9.66666666666667,0.0837912379167121
9.77777777777778,0.0621072079835553
9.88888888888889,0.0187630361969414
10,0.0239286953193221
10.1111111111111,0.0291667078603399
10.2222222222222,0.00666730225881818
10.3333333333333,0.0196919639104209
10.4444444444444,0.0257768745955416
10.5555555555556,0.0281386240510082
10.6666666666667,0.00500149950052044
10.7777777777778,0.0174053937837405
10.8888888888889,0.0136005640881303
11,0.0129629869209497
11.1111111111111,0.0162197117979825
11.2222222222222,0.0256236184272642
11.3333333333333,0.0178633133450495
11.4444444444444,0.0255140711758138
11.5555555555556,0.0363822290613512
11.6666666666667,0.175214222295521
11.7777777777778,0.0995361791458715
11.8888888888889,0.0429860476459924
12,0.0414325102247763
12.1111111111111,0.0310554188672132
12.2222222222222,0.0161879130800345
12.3333333333333,0.0126717302547148
12.4444444444444,0.0147501457867239
12.5555555555556,0.033112276045903
12.6666666666667,0.0310955358842269
12.7777777777778,0.0370946514025758
12.8888888888889,0.0121845864426974
13,0.0362280492002064
13.1111111111111,0.0451556724986511
13.2222222222222,0.0122887562661337
13.3333333333333,0.0148033996559044
13.4444444444444,0.0239823984580504
13.5555555555556,0.0206363304409638
13.6666666666667,0.00512037382812636
13.7777777777778,0.00655635615096116
13.8888888888889,0.00388009185161874
14,0.0334075641187235
14.1111111111111,0.0154562200009072
14.2222222222222,0.0133738457710153
14.3333333333333,0.0220838368078184
14.4444444444444,0.00866022093277399
14.5555555555556,0.0231844598438663
14.6666666666667,0.0222253757134879
14.7777777777778,0.00417111299929174
14.8888888888889,0.009581577021966
15,0.0100889973675146
15.1111111111111,0.0328911822854111
15.2222222222222,0.0069239711564399
15.3333333333333,0.00599497403508005
15.4444444444444,0.0110250272499097
15.5555555555556,0.0150437746685649
15.6666666666667,0.0147679844059426
15.7777777777778,0.0343673258038723
15.8888888888889,0.00195991691258675
16,0.0282460395059727
16.1111111111111,0.0490025808860118
16.2222222222222,0.0167081497188447
16.3333333333333,0.0234233682516228
16.4444444444444,0.013790243087094
16.5555555555556,0.00651272552378688
16.6666666666667,0.0192655513140122
16.7777777777778,0.0165797496171695
16.8888888888889,0.0169849461025144
17,0.0176655823110247
17.1111111111111,0.0186983046569356
17.2222222222222,0.0237226931202771
17.3333333333333,0.0235990049451127
17.4444444444444,0.0211941792197605
17.5555555555556,0.0129904132014552
17.6666666666667,0.0276431539153302
17.7777777777778,0.0230473342207848
17.8888888888889,0.0188822343198483
18,0.0367820033317936
18.1111111111111,0.0105108144520298
18.2222222222222,0.019353014139077
18.3333333333333,0.0101653249078032
18.4444444444444,0.0224625893492683
18.5555555555556,0.0252205081714709
18.6666666666667,0.0243395761087673
18.7777777777778,0.0209117792800867
18.8888888888889,0.0249643467421414
19,0.00931902113960853
19.1111111111111,0.0150032504432509
19.2222222222222,0.00507105119556881
19.3333333333333,0.0208850165431332
19.4444444444444,0.0403525631294205
19.5555555555556,0.00929063118657754
19.6666666666667,0.0210426340891249
19.7777777777778,0.0255566966330413
19.8888888888889,0.00317441364869194
20,0.00891641945575692
20.1111111111111,0.0109776883463681
20.2222222222222,0.00756599978446394
20.3333333333333,0.0260582037924167
20.4444444444444,0.0131143893134829
20.5555555555556,0.0231414880911923
20.6666666666667,0.0328103861987347
20.7777777777778,0.0186792175222953
20.8888888888889,0.0209525018450533
21,0.021611936211103
21.1111111111111,0.0078218923738279
21.2222222222222,0.0142077602361824
21.3333333333333,0.0124788116944958
21.4444444444444,0.00885543746834978
21.5555555555556,0.0161122408193181
21.6666666666667,0.0215269224705843
21.7777777777778,0.0163767955772966
21.8888888888889,0.01266670520314
22,0.00310514542560304
22.1111111111111,0.0159955436716162
22.2222222222222,0.0233466146425843
22.3333333333333,0.0277657419100769
22.4444444444444,0.00881296430699029
22.5555555555556,0.0119548830738437
22.6666666666667,0.0073285760696816
22.7777777777778,0.00588608954147705
22.8888888888889,0.0119183247263812
23,0.0146438218010451
23.1111111111111,0.00422625491098769
23.2222222222222,0.0196677137778162
23.3333333333333,0.0247518377289199
23.4444444444444,0.00380874028997412
23.5555555555556,0.0246691162786957
23.6666666666667,0.0142579579645066
23.7777777777778,0.021917861440181
23.8888888888889,0.0033888186398083
24,0.00484362358306449
24.1111111111111,0.0131310316466472
24.2222222222222,0.015093251035695
24.3333333333333,0.00387585713718135
24.4444444444444,0.0230247443772692
24.5555555555556,0.0119223079111689
24.6666666666667,0.0185330266345634
24.7777777777778,0.0220819656093855
24.8888888888889,0.0247662750350507
25,0.0023744529790072
25.1111111111111,0.0107872896664927
25.2222222222222,0.0133829146110298
25.3333333333333,0.00894555950860421
25.4444444444444,0.0135215837589676
25.5555555555556,0.0160104770178966
25.6666666666667,0.0175811719926215
25.7777777777778,0.0171232632589268
25.8888888888889,0.0229270731550144
26,0.00404210292827737
26.1111111111111,0.00921576461733305
26.2222222222222,0.0120575612440522
26.3333333333333,0.0159876814630971
26.4444444444444,0.00768426234122297
26.5555555555556,0.00533976140919957
26.6666666666667,0.00820128801312149
26.7777777777778,0.00760455055248598
26.8888888888889,0.0310109568494552
27,0.034293130503688
27.1111111111111,0.0158002595322728
27.2222222222222,0.00756721301132194
27.3333333333333,0.0114200228724602
27.4444444444444,0.0155107848115319
27.5555555555556,0.0356557076918699
27.6666666666667,0.0195755796765209
27.7777777777778,0.00712742028906112
27.8888888888889,0.0256365442769579
28,0.00950463070735331
28.1111111111111,0.0176689938295851
28.2222222222222,0.014847020238769
28.3333333333333,0.0113693291912862
28.4444444444444,0.0115175482647785
28.5555555555556,0.0079573125332497
28.6666666666667,0.009676694687779
28.7777777777778,0.00340842016666884
28.8888888888889,0.00885771037651516
29,0.0141062960769899
29.1111111111111,0.00738943877168714
29.2222222222222,0.00567982146591486
29.3333333333333,0.0171663784807332
29.4444444444444,0.00809997961236887
29.5555555555556,0.00374379915388043
29.6666666666667,0.0192785305721027
29.7777777777778,0.00696747494617117
29.8888888888889,0.0137528845012812
30,0.0123878295955231
30.1111111111111,0.0131041481693229
30.2222222222222,0.016772524613514
30.3333333333333,0.00519466596642467
30.4444444444444,0.0201346514930236
30.5555555555556,0.00852577392535561
30.6666666666667,0.00949130743237864
30.7777777777778,0.0132036652084149
30.8888888888889,0.0113993858343569
31,0.0186146705084832
31.1111111111111,0.00800444463147224
31.2222222222222,0.00930529658694961
31.3333333333333,0.00645120248662471
31.4444444444444,0.0058217660234691
31.5555555555556,0.00924130539286677
31.6666666666667,0.00609810128657533
31.7777777777778,0.0043196611001382
31.8888888888889,0.00710650712812985
32,0.0072717730958331
32.1111111111111,0.004693336258198
32.2222222222222,0.0142455243852233
32.3333333333333,0.0128612594923524
32.4444444444444,0.00641435801152722
32.5555555555556,0.00723963090635185
32.6666666666667,0.0191198143993693
32.7777777777778,0.0190748256048665
32.8888888888889,0.00855170676110633
33,0.00330604403060362
33.1111111111111,0.00807099368895736
33.2222222222222,0.0105724699189694
33.3333333333333,0.0137048745070984
33.4444444444444,0.0104124675734192
33.5555555555556,0.00321482321876198
33.6666666666667,0.00539774638170263
33.7777777777778,0.00985308594877308
33.8888888888889,0.00896480064719677
34,0.00520750597722116
34.1111111111111,0.00480778866681097
34.2222222222222,0.0119649665145508
34.3333333333333,0.00702671812837655
34.4444444444444,0.012790131554932
34.5555555555556,0.0121798243958329
34.6666666666667,0.00921678283279161
34.7777777777778,0.00256887070055862
34.8888888888889,0.0074148129705015
35,0.00984610957089898
35.1111111111111,0.0122370584877411
35.2222222222222,0.00768239708647159
35.3333333333333,0.00756142380980625
35.4444444444444,0.00734388715957464
35.5555555555556,0.00713804031446468
35.6666666666667,0.00345516466031671
35.7777777777778,0.0147436808373201
35.8888888888889,0.0208239960232156
36,0.00435867426492694
36.1111111111111,0.00573229535884883
36.2222222222222,0.0183074072079813
36.3333333333333,0.0185518526054041
36.4444444444444,0.00718059147839487
36.5555555555556,0.007824257295984
36.6666666666667,0.0142286916777959
36.7777777777778,0.0100654143083859
36.8888888888889,0.0151021098423371
37,0.0125529647005647
37.1111111111111,0.0063056911696235
37.2222222222222,0.0207164812569839
37.3333333333333,0.00773793252246056
37.4444444444444,0.0143968627573561
37.5555555555556,0.00411376677764544
37.6666666666667,0.0172370040534319
37.7777777777778,0.00987566798421716
37.8888888888889,0.00822169665953767
38,0.00839305489414207
38.1111111111111,0.00656844933381533
38.2222222222222,0.0042109273694768
38.3333333333333,0.0123683235516082
38.4444444444444,0.00753841878883531
38.5555555555556,0.0124847557040513
38.6666666666667,0.0136595551860182
38.7777777777778,0.00358576030189905
38.8888888888889,0.00687399539996827
39,0.00175586614783092
39.1111111111111,0.00404306506258964
39.2222222222222,0.00491413321394244
39.3333333333333,0.0146411235986083
39.4444444444444,0.00674683586268094
39.5555555555556,0.0111960795068167
39.6666666666667,0.0153857492046212
39.7777777777778,0.00480868943912551
39.8888888888889,0.0117404937991918
40,0.0137916799788499
40.1111111111111,0.00556283460120917
40.2222222222222,0.00652264340248633
40.3333333333333,0.00951426645007893
40.4444444444444,0.00174694163589243
40.5555555555556,0.00846320747235931
40.6666666666667,0.00379252816530206
40.7777777777778,0.0114257030396599
40.8888888888889,0.00944147452845685
41,0.016383992329707
41.1111111111111,0.0175794665327013
41.2222222222222,0.0138017986555797
41.3333333333333,0.00656091434206278
41.4444444444444,0.00643496968176904
41.5555555555556,0.00586975946053036
41.6666666666667,0.0071687992235961
41.7777777777778,0.0104475924390749
41.8888888888889,0.00540273886925704
42,0.00372261180977809
42.1111111111111,0.00700473125155599
42.2222222222222,0.0123901061229117
42.3333333333333,0.0068192440672341
42.4444444444444,0.0224535333428087
42.5555555555556,0.00402289180626917
42.6666666666667,0.00564357138739288
42.7777777777778,0.0132445672189562
42.8888888888889,0.00324006091380002
43,0.0100117511625068
43.1111111111111,0.0168626254554155
43.2222222222222,0.016474209673312
43.3333333333333,0.00505634418933285
43.4444444444444,0.00811138876070445
43.5555555555556,0.0126649957475788
43.6666666666667,0.00186137296129376
43.7777777777778,0.0126212168738196
43.8888888888889,0.00198068814104903
44,0.00304665142931905
44.1111111111111,0.00503496847632813
44.2222222222222,0.00753723611178928
44.3333333333333,0.00389987958122426
44.4444444444444,0.0109305951498519
44.5555555555556,0.0120584571985568
44.6666666666667,0.0127501958872437
44.7777777777778,0.00315767981789167
44.8888888888889,0.0037101773871528
45,0.0107196712237526
45.1111111111111,0.00743025282259339
45.2222222222222,0.00846278145312797
45.3333333333333,0.00613420331319397
45.4444444444444,0.00219516243837303
45.5555555555556,0.00111533686932312
45.6666666666667,0.00872014314310996
45.7777777777778,0.0124443438297141
45.8888888888889,0.00240387148779619
46,0.00405738623568438
46.1111111111111,0.00659851600617728
46.2222222222222,0.00321715306309664
46.3333333333333,0.0110911999061073
46.4444444444444,0.00708262489522596
46.5555555555556,0.00646158544634217
46.6666666666667,0.00712372797146491
46.7777777777778,0.0042031307206648
46.8888888888889,0.00280455950626101
47,0.00302726695516919
47.1111111111111,0.0034088712886764
47.2222222222222,0.00296457245738619
47.3333333333333,0.0026850489406692
47.4444444444444,0.00294017417155207
47.5555555555556,0.00296097220016441
47.6666666666667,0.00277090685586241
47.7777777777778,0.00264894582656565
47.8888888888889,0.00276021848502365
48,0.00277572232819716
48.1111111111111,0.00263407563131405
48.2222222222222,0.00261505866582994
48.3333333333333,0.00268463759672324
48.4444444444444,0.00269852869749959
48.5555555555556,0.00261327167808715
48.6666666666667,0.00260127697009236
48.7777777777778,0.00264878796131138
48.8888888888889,0.00262719867415035
49,0.00256927717702536
49.1111111111111,0.00255227390307335
49.2222222222222,0.0025854962465342
49.3333333333333,0.00257340836735091
49.4444444444444,0.00254261997281159
49.5555555555556,0.00253245083453058
49.6666666666667,0.00254919999842118
49.7777777777778,0.00254729591634806
49.8888888888889,0.00251171414165769
50,0.00250345650031458
50.1111111111111,0.0025048817948677
50.2222222222222,0.00250973096881996
50.3333333333333,0.00249052311451282
50.4444444444444,0.00247458744994521
50.5555555555556,0.0024814593277663
50.6666666666667,0.00247752231035211
50.7777777777778,0.00246779762060265
50.8888888888889,0.00244662733118599
51,0.00245166018647293
51.1111111111111,0.00245401977224246
51.2222222222222,0.00243717816028289
51.3333333333333,0.00242790044055214
51.4444444444444,0.00242318949201996
51.5555555555556,0.00242373433571333
51.6666666666667,0.00241188993935223
51.7777777777778,0.00240219294494115
51.8888888888889,0.00239834332792421
52,0.00239297222384156
52.1111111111111,0.0023846837712119
52.2222222222222,0.00237922404458645
52.3333333333333,0.00237470325726093
52.4444444444444,0.00236811069352279
52.5555555555556,0.00236215732670452
52.6666666666667,0.00235325940773841
52.7777777777778,0.00235091659749613
52.8888888888889,0.00234288435375324
53,0.00233872380873126
53.1111111111111,0.00233557093741114
53.2222222222222,0.0023302298223624
53.3333333333333,0.00232318461526311
53.4444444444444,0.00231669725407905
53.5555555555556,0.00231039811613944
53.6666666666667,0.00230516788750856
53.7777777777778,0.00229730936417046
53.8888888888889,0.00229449548749854
54,0.00229004926391543
54.1111111111111,0.00228386483752996
54.2222222222222,0.00227737412053522
54.3333333333333,0.00227135177175948
54.4444444444444,0.00226637254203469
54.5555555555556,0.00226248040662903
54.6666666666667,0.00225526529092326
54.7777777777778,0.00224987718547533
54.8888888888889,0.00224616877877035
55,0.00224361145382937
55.1111111111111,0.0022369097449627
55.2222222222222,0.00223196475612825
55.3333333333333,0.00222578420858474
55.4444444444444,0.00222211507709473
55.5555555555556,0.00221548379770832
55.6666666666667,0.00220739354288032
55.7777777777778,0.00220514532206396
55.8888888888889,0.00220124833087359
56,0.00219476665982728
56.1111111111111,0.00219284156311474
56.2222222222222,0.00218824558826738
56.3333333333333,0.00218179907695145
56.4444444444444,0.00217685384968685
56.5555555555556,0.0021694652004414
56.6666666666667,0.00216670139550713
56.7777777777778,0.00216423851310376
56.8888888888889,0.00215839978281519
57,0.00215287852683094
57.1111111111111,0.00214819476990874
57.2222222222222,0.00214327782223975
57.3333333333333,0.00214066497030575
57.4444444444444,0.00213454272433099
57.5555555555556,0.00212803587246374
57.6666666666667,0.00212546680340443
57.7777777777778,0.00212125293047488
57.8888888888889,0.00211853408519369
58,0.00211249663069801
58.1111111111111,0.00210621115022291
58.2222222222222,0.00210044866160404
58.3333333333333,0.00209951986811493
58.4444444444444,0.00209333258517216
58.5555555555556,0.00208989927295049
58.6666666666667,0.0020855696737601
58.7777777777778,0.00208205293548197
58.8888888888889,0.00207545955072809
59,0.00207294915835141
59.1111111111111,0.00207081766463194
59.2222222222222,0.00206531934657013
59.3333333333333,0.00206510911667922
59.4444444444444,0.00205469166392125
59.5555555555556,0.00205194889195057
59.6666666666667,0.0020483332570685
59.7777777777778,0.00204442835770295
59.8888888888889,0.002039823115863
60,0.00203660832688418
60.1111111111111,0.00203437473364516
60.2222222222222,0.00202674616666081
60.3333333333333,0.00202437587627468
60.4444444444444,0.00202161671589824
60.5555555555556,0.00201715706243974
60.6666666666667,0.00201153463165784
60.7777777777778,0.002006701121984
60.8888888888889,0.0020042633537632
61,0.0019983272890302
61.1111111111111,0.00199764434353911
61.2222222222222,0.00199388483795179
61.3333333333333,0.00198860677806626
61.4444444444444,0.00198586679326376
61.5555555555556,0.00198108576216613
61.6666666666667,0.00197917606037621
61.7777777777778,0.00197081996881998
61.8888888888889,0.00196943681702948
62,0.00196700172639664
62.1111111111111,0.00196165642624788
62.2222222222222,0.0019605559309259
62.3333333333333,0.00195399282618016
62.4444444444444,0.00195053865457687
62.5555555555556,0.00194742621034663
62.6666666666667,0.00194488032465766
62.7777777777778,0.00194387930712703
62.8888888888889,0.00193748194056841
63,0.0019336335807617
63.1111111111111,0.00192876362349537
63.2222222222222,0.00192617927436129
63.3333333333333,0.00192047748834813
63.4444444444444,0.0019189145666735
63.5555555555556,0.00191556951109048
63.6666666666667,0.00191368587014285
63.7777777777778,0.0019086459612304
63.8888888888889,0.00190248600431708
64,0.00190198966342999
64.1111111111111,0.00189763173811717
64.2222222222222,0.00189586474734488
64.3333333333333,0.00189177330837843
64.4444444444444,0.00188909026587446
64.5555555555556,0.00188507581671907
64.6666666666667,0.00188346313685024
64.7777777777778,0.0018805441531061
64.8888888888889,0.00187602203552121
65,0.00187270996305761
65.1111111111111,0.0018665980056658
65.2222222222222,0.00186838291545598
65.3333333333333,0.00186092636108644
65.4444444444444,0.00186124038031603
65.5555555555556,0.00185595666364949
65.6666666666667,0.00185268705068713
65.7777777777778,0.00184797371482331
65.8888888888889,0.00184778049967986
66,0.00184293754134596
66.1111111111111,0.00183881836918094
66.2222222222222,0.00183545314362728
66.3333333333333,0.00183466013103174
66.4444444444444,0.00182960395645286
66.5555555555556,0.00182749356296166
66.6666666666667,0.00182706188427245
66.7777777777778,0.00181968638403068
66.8888888888889,0.00181845107963327
67,0.00181454526826875
67.1111111111111,0.00181150833835172
67.2222222222222,0.00180951519986579
67.3333333333333,0.00180572333731782
67.4444444444444,0.00180133303354845
67.5555555555556,0.00179897219363238
67.6666666666667,0.00179470277015895
67.7777777777778,0.00179421407041703
67.8888888888889,0.00178989420736903
68,0.00178851326758485
68.1111111111111,0.00178339305200533
68.2222222222222,0.0017820321873581
68.3333333333333,0.0017796188361708
68.4444444444444,0.0017779699156983
68.5555555555556,0.00177277190400268
68.6666666666667,0.00176815411688825
68.7777777777778,0.00176629954881821
68.8888888888889,0.00176288968242595
69,0.00176325757640708
69.1111111111111,0.00175997056674959
69.2222222222222,0.00175731272532856
69.3333333333333,0.00175427115408372
69.4444444444444,0.00175132656479173
69.5555555555556,0.00174898532936504
69.6666666666667,0.00174621209106753
69.7777777777778,0.00174284124758386
69.8888888888889,0.00173983594891392
70,0.00173476199366158
70.1111111111111,0.00173233404367152
70.2222222222222,0.0017294712901862
70.3333333333333,0.00172805841592839
70.4444444444444,0.00172423227277249
70.5555555555556,0.00172355710272747
70.6666666666667,0.00171981251978081
70.7777777777778,0.0017185549638741
70.8888888888889,0.00171628144169291
71,0.00171146052600398
71.1111111111111,0.00170821038218111
71.2222222222222,0.00170766282738503
71.3333333333333,0.00170505778344848
71.4444444444444,0.00170351323229754
71.5555555555556,0.00169978365748272
71.6666666666667,0.00169762795122541
71.7777777777778,0.00169526376104846
71.8888888888889,0.00169145856047578
72,0.00168732905566382
72.1111111111111,0.00168641630816694
72.2222222222222,0.00168266075902455
72.3333333333333,0.00168377618274123
72.4444444444444,0.00167887595028301
72.5555555555556,0.00167697926593193
72.6666666666667,0.00167640941154164
72.7777777777778,0.00167251867750022
72.8888888888889,0.00166836106569996
73,0.00166761980560545
73.1111111111111,0.00166266737463091
73.2222222222222,0.00166061791647795
73.3333333333333,0.00165857468834796
73.4444444444444,0.00165617565465547
73.5555555555556,0.00165737990812593
73.6666666666667,0.00165360457569397
73.7777777777778,0.00164888337791004
73.8888888888889,0.00164719154025365
74,0.00164644640829834
74.1111111111111,0.00164523088146923
74.2222222222222,0.00163969241676299
74.3333333333333,0.00163753640360837
74.4444444444444,0.00163599217009002
74.5555555555556,0.00163279893279909
74.6666666666667,0.00162895993774716
74.7777777777778,0.00163029730652859
74.8888888888889,0.00162630058219501
75,0.00162580065713979
75.1111111111111,0.00162029876655744
75.2222222222222,0.00161732251467661
75.3333333333333,0.00161654205167197
75.4444444444444,0.00161271114155484
75.5555555555556,0.00161247956883588
75.6666666666667,0.00160992001320936
75.7777777777778,0.001609330857906
75.8888888888889,0.00160506820631318
76,0.00160163180099432
76.1111111111111,0.0016024219516127
76.2222222222222,0.00159959272822981
76.3333333333333,0.0015959360875781
76.4444444444444,0.00159571671593383
76.5555555555556,0.0015941280157837
76.6666666666667,0.00158915451973143
76.7777777777778,0.00158683863958635
76.8888888888889,0.00158627303171931
77,0.00158522974968987
77.1111111111111,0.00158238124072786
77.2222222222222,0.0015812802829734
77.3333333333333,0.00157842046195638
77.4444444444444,0.0015772787622935
77.5555555555556,0.00157279735981366
77.6666666666667,0.00157032681901923
77.7777777777778,0.00156979328057854
77.8888888888889,0.00156443707697794
78,0.00156412504453901
78.1111111111111,0.00156089122484818
78.2222222222222,0.00155876030006641
78.3333333333333,0.00155607318301012
78.4444444444444,0.00155572514712024
78.5555555555556,0.00155322496472146
78.6666666666667,0.00155239455282553
78.7777777777778,0.00155211893016996
78.8888888888889,0.00154770232884974
79,0.00154466895583643
79.1111111111111,0.00154298303686911
79.2222222222222,0.00153839343559413
79.3333333333333,0.00153702971216685
79.4444444444444,0.00153791469911562
79.5555555555556,0.00153554662414097
79.6666666666667,0.0015324792642192
79.7777777777778,0.00153342392608402
79.8888888888889,0.00152825801885484
80,0.0015261875486718
80.1111111111111,0.0015266301992916
80.2222222222222,0.00152367605917781
80.3333333333333,0.00152133267227887
80.4444444444444,0.00151866920570423
80.5555555555556,0.00151716033038393
80.6666666666667,0.00151632013283688
80.7777777777778,0.00151100866185267
80.8888888888889,0.00151179699210916
81,0.00150841484935618
81.1111111111111,0.00150911448485739
81.2222222222222,0.00150670704722993
81.3333333333333,0.00150439451798273
81.4444444444444,0.00150333900594136
81.5555555555556,0.00149862754172529
81.6666666666667,0.00149857140470154
81.7777777777778,0.00149663495487291
81.8888888888889,0.00149371084820899
82,0.00149214961574441
82.1111111111111,0.00149240263946951
82.2222222222222,0.00148910455531516
82.3333333333333,0.00148613883764083
82.4444444444444,0.00148603420988812
82.5555555555556,0.00148334696884011
82.6666666666667,0.00148271733202967
82.7777777777778,0.00147947573314071
82.8888888888889,0.00147800164256848
83,0.00147597300970178
83.1111111111111,0.00147441576321064
83.2222222222222,0.00147175107396412
83.3333333333333,0.00147050336588619
83.4444444444444,0.00146861976860389
83.5555555555556,0.00146753868776784
83.6666666666667,0.00146589859650044
83.7777777777778,0.00146393809859473
83.8888888888889,0.00146386726737738
84,0.00146172491698408
84.1111111111111,0.00145945205204709
84.2222222222222,0.00145605989629126
84.3333333333333,0.00145706583608229
84.4444444444444,0.00145350413244078
84.5555555555556,0.0014517662042107
84.6666666666667,0.00144865124172552
84.7777777777778,0.00145125784004012
84.8888888888889,0.00144642364470254
85,0.00144532069965015
85.1111111111111,0.00144410465123616
85.2222222222222,0.00144015092847045
85.3333333333333,0.00143941319187945
85.4444444444444,0.00143732723530736
85.5555555555556,0.00143656878387727
85.6666666666667,0.00143421397126527
85.7777777777778,0.00143194656792445
85.8888888888889,0.00143194732611319
86,0.00143062403040904
86.1111111111111,0.0014272117728128
86.2222222222222,0.00142932419722318
86.3333333333333,0.0014258159027201
86.4444444444444,0.00142224367802276
86.5555555555556,0.00142100781273188
86.6666666666667,0.00142067014087316
86.7777777777778,0.00141959693661359
86.8888888888889,0.00141671632794277
87,0.00141524460571666
87.1111111111111,0.00141266921988939
87.2222222222222,0.00141240472836823
87.3333333333333,0.00141023293738922
87.4444444444444,0.00140738164123908
87.5555555555556,0.00140482545247368
87.6666666666667,0.00140568086940259
87.7777777777778,0.00140221499281034
87.8888888888889,0.00140221085427566
88,0.00139724435662825
88.1111111111111,0.00139571906794364
88.2222222222222,0.00139912046405354
88.3333333333333,0.00139589500230577
88.4444444444444,0.00139050964468829
88.5555555555556,0.00139409924040807
88.6666666666667,0.00139056583210925
88.7777777777778,0.00138797730440403
88.8888888888889,0.00138792485684602
89,0.00138724903953394
89.1111111111111,0.00138322848587927
89.2222222222222,0.00138182536156314
89.3333333333333,0.0013803671396817
89.4444444444444,0.00138215106743002
89.5555555555556,0.00137613228375272
89.6666666666667,0.00137898341116692
89.7777777777778,0.00137640008491942
89.8888888888889,0.0013736522397263
90,0.00137425789799871
90.1111111111111,0.0013726437908909
90.2222222222222,0.00136836663212802
90.3333333333333,0.00136714986526616
90.4444444444444,0.00136658111054402
90.5555555555556,0.00136632678290551
90.6666666666667,0.0013673358996745
90.7777777777778,0.00136330879254408
90.8888888888889,0.00136110425490462
91,0.00136077223920864
91.1111111111111,0.00135838828211587
91.2222222222222,0.00135557424015107
91.3333333333333,0.00135487731957023
91.4444444444444,0.00135477282851637
91.5555555555556,0.00135430486076371
91.6666666666667,0.00134834888880717
91.7777777777778,0.00135058807501583
91.8888888888889,0.00134868447426704
92,0.00134806317453844
92.1111111111111,0.00134606003177363
92.2222222222222,0.00134396297895724
92.3333333333333,0.00134211995263596
92.4444444444444,0.00133952662952284
92.5555555555556,0.0013417015966848
92.6666666666667,0.00133748560351585
92.7777777777778,0.00133601890454427
92.8888888888889,0.00133401836047026
93,0.00133730144802865
93.1111111111111,0.00133163653706606
93.2222222222222,0.00133151102038306
93.3333333333333,0.00133136257973534
93.4444444444444,0.00133143711740739
93.5555555555556,0.00132765901530386
93.6666666666667,0.00132603191710367
93.7777777777778,0.00132200406258844
93.8888888888889,0.00132469007213585
94,0.00131984564966605
94.1111111111111,0.0013225374447687
94.2222222222222,0.00132064498400296
94.3333333333333,0.00131832445247616
94.4444444444444,0.0013174434683241
94.5555555555556,0.00131537102872822
94.6666666666667,0.0013144592450582
94.7777777777778,0.00131225501580408
94.8888888888889,0.00131478396936969
95,0.00131155737942163
95.1111111111111,0.001309194033792
95.2222222222222,0.00130933645122376
95.3333333333333,0.00130517670014986
95.4444444444444,0.00130491685875364
95.5555555555556,0.00130296349787147
95.6666666666667,0.00130302233775059
95.7777777777778,0.00129780266975508
95.8888888888889,0.00130010096010495
96,0.00129874756451036
96.1111111111111,0.0012985597609958
96.2222222222222,0.00129525412854455
96.3333333333333,0.00129646490587036
96.4444444444444,0.0012951795349205
96.5555555555556,0.00129241981263921
96.6666666666667,0.00129117620455634
96.7777777777778,0.00128947183227448
96.8888888888889,0.00128983475738382
97,0.00128838763497529
97.1111111111111,0.0012870507203916
97.2222222222222,0.00128322839830922
97.3333333333333,0.00128549730224666
97.4444444444444,0.00128174576930928
97.5555555555556,0.00128105857796406
97.6666666666667,0.00127871346059035
97.7777777777778,0.00127800032684329
97.8888888888889,0.00127788345309514
98,0.00127445417264019
98.1111111111111,0.00127456786753488
98.2222222222222,0.00127497996102489
98.3333333333333,0.00127414047058628
98.4444444444444,0.00127036578781502
98.5555555555556,0.00127113383531683
98.6666666666667,0.0012679447860961
98.7777777777778,0.00126703874110161
98.8888888888889,0.00126873108985847
99,0.00126757073867669
99.1111111111111,0.00126292094077237
99.2222222222222,0.00125980143070831
99.3333333333333,0.00126282720543705
99.4444444444444,0.00126168478484962
99.5555555555555,0.00126021771226452
99.6666666666667,0.00125745351598007
99.7777777777778,0.0012563791837103
99.8888888888889,0.0012572133437573
100,0.00125609836132321
100.111111111111,0.00125320960475756
100.222222222222,0.00125430732246894
100.333333333333,0.00125210031212767
100.444444444444,0.00125151776073409
100.555555555556,0.00124972321757339
100.666666666667,0.00124668775992797
100.777777777778,0.00124654446516249
100.888888888889,0.00124398048003175
101,0.00124508105645194
101.111111111111,0.00124525233119777
101.222222222222,0.00124220618973114
101.333333333333,0.00124062298596496
101.444444444444,0.00123708170995464
101.555555555556,0.00124187101956878
101.666666666667,0.00123593979795919
101.777777777778,0.00123847418015587
101.888888888889,0.00123598432020136
102,0.00123342634334033
102.111111111111,0.00123230129050872
102.222222222222,0.00123305894555337
102.333333333333,0.00123359368998082
102.444444444444,0.00122959366466013
102.555555555556,0.00122865189943025
102.666666666667,0.00123259408261797
102.777777777778,0.00123077098959207
102.888888888889,0.00122677378300398
103,0.00122580126257556
103.111111111111,0.00122308063309445
103.222222222222,0.00122195929571824
103.333333333333,0.00122113623614911
103.444444444444,0.0012232632400519
103.555555555556,0.0012196194098264
103.666666666667,0.00121787599915863
103.777777777778,0.00121969596760888
103.888888888889,0.001215029463069
104,0.00121523277175375
104.111111111111,0.00121500621092473
104.222222222222,0.00121460726345531
104.333333333333,0.00121254709208262
104.444444444444,0.00121257894989802
104.555555555556,0.00121050612490423
104.666666666667,0.0012094737497588
104.777777777778,0.00121083375528684
104.888888888889,0.00120536454856641
105,0.00120778475253711
105.111111111111,0.00120662079945783
105.222222222222,0.00120451208206212
105.333333333333,0.00120243224005294
105.444444444444,0.00120359995776343
105.555555555556,0.00120198325127059
105.666666666667,0.00119822296844113
105.777777777778,0.00120070146309298
105.888888888889,0.00119932937172112
106,0.00120007026110214
106.111111111111,0.00119599974597093
106.222222222222,0.00119494567764837
106.333333333333,0.00119616860877431
106.444444444444,0.00119463240759086
106.555555555556,0.00119469642011453
106.666666666667,0.00119026722909868
106.777777777778,0.00119026709135029
106.888888888889,0.00118835564872698
107,0.00118926992845106
107.111111111111,0.00119050404789337
107.222222222222,0.00118800424947327
107.333333333333,0.00118797844590148
107.444444444444,0.00118390403872032
107.555555555556,0.00118603790705163
107.666666666667,0.00118261193099678
107.777777777778,0.00118201357609191
107.888888888889,0.00117895563924377
108,0.00117959623903835
108.111111111111,0.00117799574484372
108.222222222222,0.0011776112025458
108.333333333333,0.00117546798331731
108.444444444444,0.00117411677920491
108.555555555556,0.00117510578352288
108.666666666667,0.00117627468097429
108.777777777778,0.00117545581294934
108.888888888889,0.0011742602164061
109,0.00117434284340432
109.111111111111,0.00117095559178988
109.222222222222,0.00116916974916708
109.333333333333,0.00116995302951522
109.444444444444,0.00116728809436425
109.555555555556,0.00116815585689914
109.666666666667,0.00116736647182756
109.777777777778,0.00116470502844475
109.888888888889,0.00116228944705036
110,0.00116593457145674
110.111111111111,0.00116407626356429
110.222222222222,0.00116095276552083
110.333333333333,0.00116092123940838
110.444444444444,0.00115987263195097
110.555555555556,0.00115726953152568
110.666666666667,0.00115722904869325
110.777777777778,0.00115929606836215
110.888888888889,0.00115537577690303
111,0.00115512009398159
111.111111111111,0.00115563465902597
111.222222222222,0.00115538213312758
111.333333333333,0.00115091590592708
111.444444444444,0.00115476467868124
111.555555555556,0.00115071185090191
111.666666666667,0.00114897170671095
111.777777777778,0.00115117836739472
111.888888888889,0.00114955789261033
112,0.001148104700401
112.111111111111,0.00114573163397494
112.222222222222,0.0011451233630927
112.333333333333,0.00114821530785525
112.444444444444,0.00114290838784841
112.555555555556,0.00114290443834222
112.666666666667,0.00114207514656388
112.777777777778,0.00114210194114641
112.888888888889,0.00114122201165635
113,0.0011413826978594
113.111111111111,0.00113745177022711
113.222222222222,0.00113790934861832
113.333333333333,0.00113639471510848
113.444444444444,0.00113710568320256
113.555555555556,0.001134576273702
113.666666666667,0.00113674753421971
113.777777777778,0.0011348938427415
113.888888888889,0.00113517572946631
114,0.00113233270809807
114.111111111111,0.00112990037273029
114.222222222222,0.00113353703409644
114.333333333333,0.00112901404001144
114.444444444444,0.00113074526779269
114.555555555556,0.00112911770668088
114.666666666667,0.00112818588295185
114.777777777778,0.00112756682225959
114.888888888889,0.00112665108024901
115,0.00112491201548517
115.111111111111,0.00112609215117099
115.222222222222,0.00112363298842738
115.333333333333,0.00112350160668568
115.444444444444,0.00112370845755521
115.555555555556,0.00112347220434134
115.666666666667,0.00111997006252137
115.777777777778,0.00111864684184119
115.888888888889,0.00111897333291578
116,0.0011177463452159
116.111111111111,0.00111774106228476
116.222222222222,0.0011173903075412
116.333333333333,0.00111503816596605
116.444444444444,0.00111419875565657
116.555555555556,0.00111475626779123
116.666666666667,0.00111227913420922
116.777777777778,0.001110868406777
116.888888888889,0.0011102472848346
117,0.00111228501548034
117.111111111111,0.00111086591033399
117.222222222222,0.00111101100665773
117.333333333333,0.00110931422130478
117.444444444444,0.00110947643666802
117.555555555556,0.0011064639071895
117.666666666667,0.0011070923527306
117.777777777778,0.0011068585515045
117.888888888889,0.00110464652021591
118,0.00110245518407649
118.111111111111,0.00110423112962291
118.222222222222,0.00110037374119233
118.333333333333,0.00109881294929595
118.444444444444,0.00110033476869429
118.555555555556,0.00109999114057813
118.666666666667,0.00109843955888415
118.777777777778,0.00109869877642757
118.888888888889,0.0010968588773852
119,0.00109743757835959
119.111111111111,0.00109466344929489
119.222222222222,0.00109554535787445
119.333333333333,0.00109555303678086
119.444444444444,0.00109430627125021
119.555555555556,0.00109377240092603
119.666666666667,0.00109390238491813
119.777777777778,0.00109420474713431
119.888888888889,0.00108963687480893
120,0.00109196419381516
120.111111111111,0.00109119532073909
120.222222222222,0.00108898879210187
120.333333333333,0.00108853637505093
120.444444444444,0.00108793770905185
120.555555555556,0.00108708838190413
120.666666666667,0.00108589550661258
120.777777777778,0.00108457745151435
120.888888888889,0.00108461554047857
121,0.00108494981419709
121.111111111111,0.00108384573822951
121.222222222222,0.00108212019903544
121.333333333333,0.00108434298331085
121.444444444444,0.00108215454065145
121.555555555556,0.00108220413404764
121.666666666667,0.00107998380164777
121.777777777778,0.00108090103533909
121.888888888889,0.00107785029550666
122,0.0010789247485485
122.111111111111,0.00107691308895226
122.222222222222,0.00107816192978973
122.333333333333,0.00107844811299057
122.444444444444,0.00107556095358947
122.555555555556,0.00107736605786158
122.666666666667,0.00107389308021859
122.777777777778,0.00107229515770887
122.888888888889,0.00107373006471304
123,0.00107187625151132
123.111111111111,0.00106973031647844
123.222222222222,0.00107131936628595
123.333333333333,0.00106927561572445
123.444444444444,0.00106923053457114
123.555555555556,0.00106784874937352
123.666666666667,0.00106748735856207
123.777777777778,0.0010691932304193
123.888888888889,0.00106634588676523
124,0.00106696962490595
124.111111111111,0.0010638981293498
124.222222222222,0.00106802612819054
124.333333333333,0.00106353916119939
124.444444444444,0.00106549591343414
124.555555555556,0.0010628261434991
124.666666666667,0.00106335955116073
124.777777777778,0.00106335065439859
124.888888888889,0.00106121136274802
125,0.00106210376702636
125.111111111111,0.00106138618922924
125.222222222222,0.00105875083451304
125.333333333333,0.00105587788429855
125.444444444444,0.00105843714063524
125.555555555556,0.00105990415392752
125.666666666667,0.00105720794609928
125.777777777778,0.00105331110166279
125.888888888889,0.00105648314065698
126,0.00105741656865117
126.111111111111,0.00105392626109504
126.222222222222,0.00105333455042812
126.333333333333,0.00105452277648097
126.444444444444,0.00105144703063278
126.555555555556,0.00105220370506508
126.666666666667,0.00104849187201504
126.777777777778,0.00104939074160294
126.888888888889,0.00104995025144777
127,0.00104873063586435
127.111111111111,0.0010503725751729
127.222222222222,0.00104915179253042
127.333333333333,0.00104836705253749
127.444444444444,0.0010470735373509
127.555555555556,0.00104633249675633
127.666666666667,0.00104527938093511
127.777777777778,0.00104234727242833
127.888888888889,0.00104403411908129
128,0.00104333802585176
128.111111111111,0.00104388308300776
128.222222222222,0.00103982582241847
128.333333333333,0.00104173751576659
128.444444444444,0.00104066532659714
128.555555555556,0.00104102944661497
128.666666666667,0.00103921060210136
128.777777777778,0.00104041490997222
128.888888888889,0.0010361656384732
129,0.00103601556846597
129.111111111111,0.00103944974981282
129.222222222222,0.00103879314266773
129.333333333333,0.00103823417062452
129.444444444444,0.00103467022893801
129.555555555556,0.0010369503262427
129.666666666667,0.00103334741199114
129.777777777778,0.00103210044745241
129.888888888889,0.00103399585389598
130,0.00103256766662679
130.111111111111,0.00103145820494047
130.222222222222,0.00103196413354344
130.333333333333,0.00102916015936986
130.444444444444,0.00103025493035618
130.555555555556,0.00103121511961098
130.666666666667,0.00102760547057838
130.777777777778,0.00102757822523543
130.888888888889,0.00103278516323378
131,0.00102834307038218
131.111111111111,0.00102875816280184
131.222222222222,0.00102595380888189
131.333333333333,0.00102812994950145
131.444444444444,0.00102538596547226
131.555555555556,0.00102700704968187
131.666666666667,0.00102522446495785
131.777777777778,0.00102324287967164
131.888888888889,0.00102176186210446
132,0.00102280721668058
132.111111111111,0.00101914539940643
132.222222222222,0.00102246574412607
132.333333333333,0.00102190658547228
132.444444444444,0.0010219556483083
132.555555555556,0.00102165721369587
132.666666666667,0.00101967978500628
132.777777777778,0.00102030541554134
132.888888888889,0.00102061751406507
133,0.00101925796696588
133.111111111111,0.00101612511414353
133.222222222222,0.00101624097191212
133.333333333333,0.00101617249556207
133.444444444444,0.00101590586111528
133.555555555556,0.00101676827224351
133.666666666667,0.00101379880780836
133.777777777778,0.00101680901976875
133.888888888889,0.0010148434577654
134,0.00101212190253168
134.111111111111,0.00101281515378103
134.222222222222,0.00101425187362256
134.333333333333,0.00101128917744706
134.444444444444,0.00100842045396289
134.555555555556,0.00101293531521183
134.666666666667,0.00101052313981018
134.777777777778,0.00100920219931566
134.888888888889,0.00101143770757157
135,0.00100844338559625
135.111111111111,0.00100868568716393
135.222222222222,0.00100758376033545
135.333333333333,0.00100872178534626
135.444444444444,0.00100656227577181
135.555555555556,0.00100711291537277
135.666666666667,0.00100453994104454
135.777777777778,0.00100463809028254
135.888888888889,0.00100681188572756
136,0.00100361088069794
136.111111111111,0.00100602265925158
136.222222222222,0.00100117643976201
136.333333333333,0.00100262072059624
136.444444444444,0.0010002914865146
136.555555555556,0.00100244485672858
136.666666666667,0.00100198294705646
136.777777777778,0.00100207235404873
136.888888888889,0.00100117962796873
137,0.00100011632107842
137.111111111111,0.000999104148265633
137.222222222222,0.00100042755499916
137.333333333333,0.00099755764750935
137.444444444444,0.000999202186981627
137.555555555556,0.000997317438042323
137.666666666667,0.000999175334616118
137.777777777778,0.000997988369619262
137.888888888889,0.000997592157878507
138,0.000991991245213601
138.111111111111,0.000996103926179322
138.222222222222,0.000996570044116194
138.333333333333,0.000997089219805397
138.444444444444,0.000993864724534345
138.555555555556,0.000994407466409944
138.666666666667,0.000993210455385869
138.777777777778,0.000994087188717748
138.888888888889,0.000992173896855181
139,0.000991037161484095
139.111111111111,0.000991574643781335
139.222222222222,0.000992857638683739
139.333333333333,0.000991200168971333
139.444444444444,0.000989508584383568
139.555555555556,0.000988251788958438
139.666666666667,0.00099068222257078
139.777777777778,0.000988662709271095
139.888888888889,0.000986998951733725
140,0.000990214123317845
140.111111111111,0.000985790820239368
140.222222222222,0.00098503096454515
140.333333333333,0.000982632463646574
140.444444444444,0.000984989809947157
140.555555555556,0.000985785803048811
140.666666666667,0.000986015185751394
140.777777777778,0.000985533810569406
140.888888888889,0.000984040492976653
141,0.000983333530851809
141.111111111111,0.000982810116910248
141.222222222222,0.000984982473531933
141.333333333333,0.000980770010042692
141.444444444444,0.000982140877364565
141.555555555556,0.000980088415717528
141.666666666667,0.000982632124797221
141.777777777778,0.000981440226297955
141.888888888889,0.000977418124066828
142,0.000980395632693375
142.111111111111,0.000980644021021523
142.222222222222,0.000981477860789591
142.333333333333,0.000978482937337737
142.444444444444,0.000976856172831231
142.555555555556,0.000974804304523058
142.666666666667,0.000977754184476927
142.777777777778,0.000973771703461068
142.888888888889,0.000976302473494823
143,0.000976048705067896
143.111111111111,0.000976166111699349
143.222222222222,0.000975445181415708
143.333333333333,0.000973819672177043
143.444444444444,0.000974418798326688
143.555555555556,0.000972675890687944
143.666666666667,0.000976008653482298
143.777777777778,0.000972728108887517
143.888888888889,0.000975903415713139
144,0.000972973930407324
144.111111111111,0.00097249628864238
144.222222222222,0.00097168590098621
144.333333333333,0.000969303993597637
144.444444444444,0.000967903684614512
144.555555555556,0.0009705589785526
144.666666666667,0.000970747538756719
144.777777777778,0.000968343443110575
144.888888888889,0.000968277608410826
145,0.000967473994808954
145.111111111111,0.000964710862239161
145.222222222222,0.000970140990530768
145.333333333333,0.000967468980893464
145.444444444444,0.000967874124885844
145.555555555556,0.000969581909020431
145.666666666667,0.000966402569495488
145.777777777778,0.000963713867315529
145.888888888889,0.000965858935001992
146,0.000965875247561182
146.111111111111,0.000965607077955749
146.222222222222,0.000964755644173507
146.333333333333,0.000963623932404788
146.444444444444,0.000961528857759049
146.555555555556,0.000961719050626199
146.666666666667,0.000961757568592343
146.777777777778,0.000962142568211255
146.888888888889,0.000961152026785362
147,0.00096038352425472
147.111111111111,0.000960250831765292
147.222222222222,0.000962628262170178
147.333333333333,0.000959649936253912
147.444444444444,0.000959503632624721
147.555555555556,0.00096068696682431
147.666666666667,0.000958576016227927
147.777777777778,0.000959040964875487
147.888888888889,0.000958931901156141
148,0.000957507649595345
148.111111111111,0.000957520253815887
148.222222222222,0.000956998202003871
148.333333333333,0.000959081865154605
148.444444444444,0.000956309535222138
148.555555555556,0.000956083623920039
148.666666666667,0.000954759823000063
148.777777777778,0.000953755532747828
148.888888888889,0.000955461659639717
149,0.000954520300504749
149.111111111111,0.000954094881286922
149.222222222222,0.000952737006511949
149.333333333333,0.000953843700945735
149.444444444444,0.000954684862064986
149.555555555556,0.000953139413906108
149.666666666667,0.000953371994288143
149.777777777778,0.00095117165515378
149.888888888889,0.000952007151049217
150,0.000951498459631558
150.111111111111,0.000951169311549988
150.222222222222,0.000948737703607746
150.333333333333,0.000949607390944802
150.444444444444,0.00095068939896037
150.555555555556,0.000948476891506773
150.666666666667,0.000947753632353486
150.777777777778,0.000953273700768722
150.888888888889,0.000946894866576277
151,0.000948176018584562
151.111111111111,0.000949797912048705
151.222222222222,0.000944908315068761
151.333333333333,0.000945899394813495
151.444444444444,0.000946185746075411
151.555555555556,0.000945667362134806
151.666666666667,0.000946697041053351
151.777777777778,0.000947658289710771
151.888888888889,0.000945298649532018
152,0.000946915248050956
152.111111111111,0.000946450536379008
152.222222222222,0.000945472337522592
152.333333333333,0.000945207362750775
152.444444444444,0.000944230233850103
152.555555555556,0.000942712579120832
152.666666666667,0.000941046121825548
152.777777777778,0.000943720734690037
152.888888888889,0.000938983821439982
153,0.000941913251678742
153.111111111111,0.000943167746895813
153.222222222222,0.000946171906234928
153.333333333333,0.000940409060826037
153.444444444444,0.000940584349364965
153.555555555556,0.000940583906306733
153.666666666667,0.000942727584648733
153.777777777778,0.00093985669257272
153.888888888889,0.000941315880842143
154,0.000937484329091724
154.111111111111,0.000938220214206544
154.222222222222,0.000939269246798542
154.333333333333,0.000935739493782853
154.444444444444,0.000938204018486679
154.555555555556,0.000940352672795888
154.666666666667,0.000938588427828969
154.777777777778,0.000935437838505874
154.888888888889,0.000937686377008434
155,0.000936819109066639
155.111111111111,0.000936772848370415
155.222222222222,0.000936328891773525
155.333333333333,0.00093738870922669
155.444444444444,0.000935769423002047
155.555555555556,0.000934690642038477
155.666666666667,0.000934396780876766
155.777777777778,0.000934765965364275
155.888888888889,0.00093484290857414
156,0.000934646906800343
156.111111111111,0.000933635404111259
156.222222222222,0.000933355673691682
156.333333333333,0.00093380370029537
156.444444444444,0.000933027411613216
156.555555555556,0.000932120551015935
156.666666666667,0.00092977510786248
156.777777777778,0.000932948190513932
156.888888888889,0.00093103520077761
157,0.000933327223088292
157.111111111111,0.000931445502330743
157.222222222222,0.000930851855123966
157.333333333333,0.000930192482576535
157.444444444444,0.000928559967045648
157.555555555556,0.000930624052818929
157.666666666667,0.000928162740630201
157.777777777778,0.000928952753863365
157.888888888889,0.000929101201403937
158,0.000928816495129099
158.111111111111,0.000929587636298534
158.222222222222,0.000927703368714093
158.333333333333,0.000928012351538722
158.444444444444,0.000928843300075646
158.555555555556,0.000927241092304463
158.666666666667,0.000928362713535475
158.777777777778,0.000927651937857761
158.888888888889,0.000925261266728908
159,0.000928496286939963
159.111111111111,0.000925180312000619
159.222222222222,0.000923615032036626
159.333333333333,0.000926802732885829
159.444444444444,0.000921377260821784
159.555555555556,0.000922891907025868
159.666666666667,0.000924768069249511
159.777777777778,0.000925151709138768
159.888888888889,0.000920604305041601
160,0.000921993386601221
160.111111111111,0.000922807628435825
160.222222222222,0.00092306549400137
160.333333333333,0.000921759888745096
160.444444444444,0.000921693735197888
160.555555555556,0.000919750053624748
160.666666666667,0.000921875199995884
160.777777777778,0.00092108940826015
160.888888888889,0.000921876102897508
161,0.000920462127271063
161.111111111111,0.000921191285708569
161.222222222222,0.000920093779013557
161.333333333333,0.000919720474353959
161.444444444444,0.000922482077285905
161.555555555556,0.000922801312888589
161.666666666667,0.000920460714682312
161.777777777778,0.000921454771908272
161.888888888889,0.000918571589837137
162,0.000920857878523248
162.111111111111,0.000920045725990719
162.222222222222,0.000917617825326361
162.333333333333,0.000917800466858592
162.444444444444,0.000915996845025963
162.555555555556,0.000917587590467528
162.666666666667,0.000917077536005569
162.777777777778,0.000916961783999623
162.888888888889,0.000917267021410281
163,0.000917936352735668
163.111111111111,0.000917560854030128
163.222222222222,0.000913161537691772
163.333333333333,0.000917016455161446
163.444444444444,0.000914484677311252
163.555555555556,0.000915504103414981
163.666666666667,0.000915226488568847
163.777777777778,0.000912457590878869
163.888888888889,0.000916092526421669
164,0.000914662474188115
164.111111111111,0.000914946826633935
164.222222222222,0.000913474436512835
164.333333333333,0.000913564634822334
164.444444444444,0.000914497000871724
164.555555555556,0.000913033632767984
164.666666666667,0.000911952307879436
164.777777777778,0.000910756923015688
164.888888888889,0.000912252574133248
165,0.000911464670705623
165.111111111111,0.0009115768799782
165.222222222222,0.000912112299924451
165.333333333333,0.000907849580924607
165.444444444444,0.000911947521102009
165.555555555556,0.000912511344802845
165.666666666667,0.000912583795426175
165.777777777778,0.000909392260234454
165.888888888889,0.000909789495050516
166,0.000909579051957441
166.111111111111,0.000911288911711066
166.222222222222,0.000909173001599117
166.333333333333,0.000910489400234158
166.444444444444,0.000910887220746569
166.555555555556,0.00090983854255295
166.666666666667,0.000908540576920164
166.777777777778,0.000908989363902558
166.888888888889,0.000907074465657389
167,0.000908728191751921
167.111111111111,0.000907660282203474
167.222222222222,0.000908158337335994
167.333333333333,0.0009054058549996
167.444444444444,0.000907521633068559
167.555555555556,0.00090790665529916
167.666666666667,0.000908379349036583
167.777777777778,0.000907784670586471
167.888888888889,0.00090864509739675
168,0.000906424620713958
168.111111111111,0.000906292257645439
168.222222222222,0.000904246000210253
168.333333333333,0.000905717265493936
168.444444444444,0.000906157192343946
168.555555555556,0.000906719477265018
168.666666666667,0.000905172598968928
168.777777777778,0.00090506954076657
168.888888888889,0.000905652223738982
169,0.000905955192739213
169.111111111111,0.000905511135783813
169.222222222222,0.000905354359333561
169.333333333333,0.000906366458105553
169.444444444444,0.000906309503821627
169.555555555556,0.000904020323538888
169.666666666667,0.000901543002383908
169.777777777778,0.000902609703799507
169.888888888889,0.000901745561294657
170,0.000904807812214519
170.111111111111,0.000901256493986675
170.222222222222,0.000904358060452982
170.333333333333,0.000901545913104263
170.444444444444,0.000901106961223451
170.555555555556,0.000902804327218765
170.666666666667,0.000904880863037593
170.777777777778,0.00090181506875184
170.888888888889,0.000902491429252508
171,0.000900572048112745
171.111111111111,0.000900503058557806
171.222222222222,0.000898201280461335
171.333333333333,0.000902337213190661
171.444444444444,0.00090049078995661
171.555555555556,0.000898195688615995
171.666666666667,0.000901121407662864
171.777777777778,0.000901389365845634
171.888888888889,0.000897840435560324
172,0.000902313163731957
172.111111111111,0.000899041547009881
172.222222222222,0.00089894781159405
172.333333333333,0.000897419836622243
172.444444444444,0.000899608771004705
172.555555555556,0.000897017908418786
172.666666666667,0.000898516827034539
172.777777777778,0.00089653974255027
172.888888888889,0.000895727603091962
173,0.000899449446055327
173.111111111111,0.0008953164464465
173.222222222222,0.000897411728269233
173.333333333333,0.000897741770069779
173.444444444444,0.000897562354268981
173.555555555556,0.000896748161255252
173.666666666667,0.000897259879794602
173.777777777778,0.00089568881528715
173.888888888889,0.000897452712513354
174,0.000897930745286277
174.111111111111,0.000895188285726648
174.222222222222,0.000896053165344494
174.333333333333,0.000893396715324282
174.444444444444,0.000894700920443896
174.555555555556,0.000894965913655162
174.666666666667,0.000895977755003149
174.777777777778,0.000892494625815404
174.888888888889,0.000896008891397503
175,0.000895605269715438
175.111111111111,0.000897107071391311
175.222222222222,0.000894282815581168
175.333333333333,0.00089466915859308
175.444444444444,0.000892729852252932
175.555555555556,0.000893414837726863
175.666666666667,0.000891116073793899
175.777777777778,0.000892839313363172
175.888888888889,0.000890813744813057
176,0.00089402141110158
176.111111111111,0.000893408300244383
176.222222222222,0.000893580244937729
176.333333333333,0.00089319461189453
176.444444444444,0.00089283539607721
176.555555555556,0.000892103923996096
176.666666666667,0.000893413145869253
176.777777777778,0.000892995018555492
176.888888888889,0.000891687347573196
177,0.000892154154017327
177.111111111111,0.000892292738329538
177.222222222222,0.000892786062250771
177.333333333333,0.000893418204395206
177.444444444444,0.000892620845290403
177.555555555556,0.000892041416130342
177.666666666667,0.000889453973201547
177.777777777778,0.000892727822954347
177.888888888889,0.000894072925378336
178,0.000890834877207855
178.111111111111,0.000890824212069553
178.222222222222,0.000888149575450141
178.333333333333,0.000891760188160164
178.444444444444,0.000889112821126681
178.555555555556,0.000888223686558294
178.666666666667,0.000890044768762824
178.777777777778,0.000887538301254339
178.888888888889,0.000890172233766644
179,0.000886110204901839
179.111111111111,0.000890142743637101
179.222222222222,0.000889094016309588
179.333333333333,0.000888759637956447
179.444444444444,0.000891779997126694
179.555555555556,0.000887434135279704
179.666666666667,0.000889972510027198
179.777777777778,0.000886922474697091
179.888888888889,0.000887873675929709
180,0.000889888967608733
180.111111111111,0.000889595271382591
180.222222222222,0.000888489132324363
180.333333333333,0.000886720165928679
180.444444444444,0.000890804789464246
180.555555555556,0.000886333927074229
180.666666666667,0.000885828731493468
180.777777777778,0.000890403772619933
180.888888888889,0.000886956475242771
181,0.00088908030790356
181.111111111111,0.000884552638822998
181.222222222222,0.000886042174918968
181.333333333333,0.000887115293259756
181.444444444444,0.000888683087068574
181.555555555556,0.000884834625544454
181.666666666667,0.00088600819945481
181.777777777778,0.000888014063544229
181.888888888889,0.000883660678327062
182,0.0008849360371088
182.111111111111,0.000886398499005833
182.222222222222,0.000887119908659704
182.333333333333,0.000886047470844194
182.444444444444,0.000884394145775674
182.555555555556,0.000887094992970175
182.666666666667,0.000884380886078713
182.777777777778,0.000883636594349268
182.888888888889,0.000888080335539058
183,0.000883752341883168
183.111111111111,0.000881892706982167
183.222222222222,0.000886060797907526
183.333333333333,0.00088399334846365
183.444444444444,0.000883205708390045
183.555555555556,0.000883346814637845
183.666666666667,0.000884679939957242
183.777777777778,0.000885505634221432
183.888888888889,0.000882227242777226
184,0.000884785247663437
184.111111111111,0.000886365609673476
184.222222222222,0.000886710616164543
184.333333333333,0.00088481039193804
184.444444444444,0.000881640032635187
184.555555555556,0.000882957814998103
184.666666666667,0.000881881331360783
184.777777777778,0.000883917390415302
184.888888888889,0.000885491709246169
185,0.000885770840823403
185.111111111111,0.000881133555614267
185.222222222222,0.000882793521192385
185.333333333333,0.000884563400702643
185.444444444444,0.000883106738783414
185.555555555556,0.000881243587723499
185.666666666667,0.000881306049157354
185.777777777778,0.00088300808066377
185.888888888889,0.000882180819350783
186,0.000884755561333877
186.111111111111,0.000881384101057337
186.222222222222,0.000884520815809755
186.333333333333,0.000881805940011218
186.444444444444,0.000879784488934137
186.555555555556,0.000880539089124172
186.666666666667,0.000880006253092609
186.777777777778,0.000884874748766354
186.888888888889,0.000880679506328989
187,0.000883917122483223
187.111111111111,0.000882304935033678
187.222222222222,0.000879854732900569
187.333333333333,0.000882402922561969
187.444444444444,0.000884022185563784
187.555555555556,0.000880263265956181
187.666666666667,0.000881153262041188
187.777777777778,0.000878089130414791
187.888888888889,0.00088131509153864
188,0.000882998931295494
188.111111111111,0.000879775426483309
188.222222222222,0.000881640945628648
188.333333333333,0.000883358439414289
188.444444444444,0.000880808620012344
188.555555555556,0.000881606359696578
188.666666666667,0.00088108987356143
188.777777777778,0.000881077658920663
188.888888888889,0.000879952602829733
189,0.000881228088047942
189.111111111111,0.000881375552402705
189.222222222222,0.000880129880724393
189.333333333333,0.000879590607619594
189.444444444444,0.000880520369437923
189.555555555556,0.000881482539201897
189.666666666667,0.000879333837452668
189.777777777778,0.000878991061088332
189.888888888889,0.000875976189664291
190,0.000883284506079271
190.111111111111,0.000880957908860391
190.222222222222,0.000878389947642324
190.333333333333,0.000879399628339957
190.444444444444,0.000880886100878226
190.555555555556,0.000881921630289476
190.666666666667,0.000880114143530187
190.777777777778,0.000879870113293944
190.888888888889,0.000882096521643401
191,0.000880572613323887
191.111111111111,0.000881514397083703
191.222222222222,0.000878528368448461
191.333333333333,0.000879780263826316
191.444444444444,0.000880649390497169
191.555555555556,0.000878733012961336
191.666666666667,0.000876724886058234
191.777777777778,0.0008756721068003
191.888888888889,0.000879656232222795
192,0.00087951335084918
192.111111111111,0.000877939367816111
192.222222222222,0.000879105387862945
192.333333333333,0.000880542603917032
192.444444444444,0.000876343783803378
192.555555555556,0.000877170427982221
192.666666666667,0.000877747436438418
192.777777777778,0.000878353058231977
192.888888888889,0.000880246355985029
193,0.000878773252939881
193.111111111111,0.000880630413035717
193.222222222222,0.000880125163172926
193.333333333333,0.000879878791705203
193.444444444444,0.000877646358160968
193.555555555556,0.00087721522285537
193.666666666667,0.000875378843977472
193.777777777778,0.000878016184195159
193.888888888889,0.000880258133126444
194,0.00087797438202811
194.111111111111,0.000877953215030288
194.222222222222,0.000878227243268685
194.333333333333,0.000879443996218101
194.444444444444,0.000878015940473696
194.555555555556,0.00087821613710979
194.666666666667,0.000876102052853036
194.777777777778,0.00087813800022687
194.888888888889,0.000877395983341675
195,0.00087712501654316
195.111111111111,0.000877649884265633
195.222222222222,0.000878898850590145
195.333333333333,0.000876369648807538
195.444444444444,0.000877822746188131
195.555555555556,0.000876965092007974
195.666666666667,0.000877681098834255
195.777777777778,0.000878160380927582
195.888888888889,0.000877265080763654
196,0.000878077068970563
196.111111111111,0.000879229483840159
196.222222222222,0.00087667352146674
196.333333333333,0.000880004094284862
196.444444444444,0.000881334111823508
196.555555555556,0.000878044901627127
196.666666666667,0.000877554738953863
196.777777777778,0.000878132315298846
196.888888888889,0.000878160829053843
197,0.000876815691805364
197.111111111111,0.000877048925092359
197.222222222222,0.0008771487755079
197.333333333333,0.000879136028304683
197.444444444444,0.000876074775531259
197.555555555556,0.000878390903673264
197.666666666667,0.000875746929011331
197.777777777778,0.000878135512636097
197.888888888889,0.000878455985099491
198,0.000879441889847218
198.111111111111,0.000876618934408953
198.222222222222,0.000878293870362683
198.333333333333,0.000876455531547301
198.444444444444,0.000874505138198993
198.555555555556,0.0008788305348361
198.666666666667,0.000879534419132461
198.777777777778,0.000876861267541402
198.888888888889,0.000875987973517897
199,0.000876790022167151
199.111111111111,0.00087865530207386
199.222222222222,0.000877104412942748
199.333333333333,0.000872463227343191
199.444444444444,0.000878498566677724
199.555555555556,0.000879782344001594
199.666666666667,0.000878932876063234
199.777777777778,0.000876923982743487
199.888888888889,0.000877805816674486
200,0.000875696277367679
200.111111111111,0.000877805816674486
200.222222222222,0.000876923982743487
200.333333333333,0.000878932876063234
200.444444444444,0.000879782344001594
200.555555555556,0.000878498566677724
200.666666666667,0.000872463227343191
200.777777777778,0.000877104412942748
200.888888888889,0.00087865530207386
201,0.000876790022167151
201.111111111111,0.000875987973517897
201.222222222222,0.000876861267541402
201.333333333333,0.000879534419132461
201.444444444444,0.0008788305348361
201.555555555556,0.000874505138198993
201.666666666667,0.000876455531547301
201.777777777778,0.000878293870362683
201.888888888889,0.000876618934408953
202,0.000879441889847218
202.111111111111,0.000878455985099491
202.222222222222,0.000878135512636097
202.333333333333,0.000875746929011331
202.444444444444,0.000878390903673264
202.555555555556,0.000876074775531259
202.666666666667,0.000879136028304683
202.777777777778,0.0008771487755079
202.888888888889,0.000877048925092359
203,0.000876815691805364
203.111111111111,0.000878160829053843
203.222222222222,0.000878132315298846
203.333333333333,0.000877554738953863
203.444444444444,0.000878044901627127
203.555555555556,0.000881334111823508
203.666666666667,0.000880004094284862
203.777777777778,0.00087667352146674
203.888888888889,0.000879229483840159
204,0.000878077068970563
204.111111111111,0.000877265080763654
204.222222222222,0.000878160380927582
204.333333333333,0.000877681098834255
204.444444444444,0.000876965092007974
204.555555555556,0.000877822746188131
204.666666666667,0.000876369648807538
204.777777777778,0.000878898850590145
204.888888888889,0.000877649884265633
205,0.00087712501654316
205.111111111111,0.000877395983341675
205.222222222222,0.00087813800022687
205.333333333333,0.000876102052853036
205.444444444444,0.00087821613710979
205.555555555556,0.000878015940473696
205.666666666667,0.000879443996218101
205.777777777778,0.000878227243268685
205.888888888889,0.000877953215030288
206,0.00087797438202811
206.111111111111,0.000880258133126444
206.222222222222,0.000878016184195159
206.333333333333,0.000875378843977472
206.444444444444,0.00087721522285537
206.555555555556,0.000877646358160968
206.666666666667,0.000879878791705203
206.777777777778,0.000880125163172926
206.888888888889,0.000880630413035717
207,0.000878773252939881
207.111111111111,0.000880246355985029
207.222222222222,0.000878353058231977
207.333333333333,0.000877747436438418
207.444444444444,0.000877170427982221
207.555555555556,0.000876343783803378
207.666666666667,0.000880542603917032
207.777777777778,0.000879105387862945
207.888888888889,0.000877939367816111
208,0.00087951335084918
208.111111111111,0.000879656232222795
208.222222222222,0.0008756721068003
208.333333333333,0.000876724886058234
208.444444444444,0.000878733012961336
208.555555555556,0.000880649390497169
208.666666666667,0.000879780263826316
208.777777777778,0.000878528368448461
208.888888888889,0.000881514397083703
209,0.000880572613323887
209.111111111111,0.000882096521643401
209.222222222222,0.000879870113293944
209.333333333333,0.000880114143530187
209.444444444444,0.000881921630289476
209.555555555556,0.000880886100878226
209.666666666667,0.000879399628339957
209.777777777778,0.000878389947642324
209.888888888889,0.000880957908860391
210,0.000883284506079271
210.111111111111,0.000875976189664291
210.222222222222,0.000878991061088332
210.333333333333,0.000879333837452668
210.444444444444,0.000881482539201897
210.555555555556,0.000880520369437923
210.666666666667,0.000879590607619594
210.777777777778,0.000880129880724393
210.888888888889,0.000881375552402705
211,0.000881228088047942
211.111111111111,0.000879952602829733
211.222222222222,0.000881077658920663
211.333333333333,0.00088108987356143
211.444444444444,0.000881606359696578
211.555555555556,0.000880808620012344
211.666666666667,0.000883358439414289
211.777777777778,0.000881640945628648
211.888888888889,0.000879775426483309
212,0.000882998931295494
212.111111111111,0.00088131509153864
212.222222222222,0.000878089130414791
212.333333333333,0.000881153262041188
212.444444444444,0.000880263265956181
212.555555555556,0.000884022185563784
212.666666666667,0.000882402922561969
212.777777777778,0.000879854732900569
212.888888888889,0.000882304935033678
213,0.000883917122483223
213.111111111111,0.000880679506328989
213.222222222222,0.000884874748766354
213.333333333333,0.000880006253092609
213.444444444444,0.000880539089124172
213.555555555556,0.000879784488934137
213.666666666667,0.000881805940011218
213.777777777778,0.000884520815809755
213.888888888889,0.000881384101057337
214,0.000884755561333877
214.111111111111,0.000882180819350783
214.222222222222,0.00088300808066377
214.333333333333,0.000881306049157354
214.444444444444,0.000881243587723499
214.555555555556,0.000883106738783414
214.666666666667,0.000884563400702643
214.777777777778,0.000882793521192385
214.888888888889,0.000881133555614267
215,0.000885770840823403
215.111111111111,0.000885491709246169
215.222222222222,0.000883917390415302
215.333333333333,0.000881881331360783
215.444444444444,0.000882957814998103
215.555555555556,0.000881640032635187
215.666666666667,0.00088481039193804
215.777777777778,0.000886710616164543
215.888888888889,0.000886365609673476
216,0.000884785247663437
216.111111111111,0.000882227242777226
216.222222222222,0.000885505634221432
216.333333333333,0.000884679939957242
216.444444444444,0.000883346814637845
216.555555555556,0.000883205708390045
216.666666666667,0.00088399334846365
216.777777777778,0.000886060797907526
216.888888888889,0.000881892706982167
217,0.000883752341883168
217.111111111111,0.000888080335539058
217.222222222222,0.000883636594349268
217.333333333333,0.000884380886078713
217.444444444444,0.000887094992970175
217.555555555556,0.000884394145775674
217.666666666667,0.000886047470844194
217.777777777778,0.000887119908659704
217.888888888889,0.000886398499005833
218,0.0008849360371088
218.111111111111,0.000883660678327062
218.222222222222,0.000888014063544229
218.333333333333,0.00088600819945481
218.444444444444,0.000884834625544454
218.555555555556,0.000888683087068574
218.666666666667,0.000887115293259756
218.777777777778,0.000886042174918968
218.888888888889,0.000884552638822998
219,0.00088908030790356
219.111111111111,0.000886956475242771
219.222222222222,0.000890403772619933
219.333333333333,0.000885828731493468
219.444444444444,0.000886333927074229
219.555555555556,0.000890804789464246
219.666666666667,0.000886720165928679
219.777777777778,0.000888489132324363
219.888888888889,0.000889595271382591
220,0.000889888967608733
220.111111111111,0.000887873675929709
220.222222222222,0.000886922474697091
220.333333333333,0.000889972510027198
220.444444444444,0.000887434135279704
220.555555555556,0.000891779997126694
220.666666666667,0.000888759637956447
220.777777777778,0.000889094016309588
220.888888888889,0.000890142743637101
221,0.000886110204901839
221.111111111111,0.000890172233766644
221.222222222222,0.000887538301254339
221.333333333333,0.000890044768762824
221.444444444444,0.000888223686558294
221.555555555556,0.000889112821126681
221.666666666667,0.000891760188160164
221.777777777778,0.000888149575450141
221.888888888889,0.000890824212069553
222,0.000890834877207855
222.111111111111,0.000894072925378336
222.222222222222,0.000892727822954347
222.333333333333,0.000889453973201547
222.444444444444,0.000892041416130342
222.555555555556,0.000892620845290403
222.666666666667,0.000893418204395206
222.777777777778,0.000892786062250771
222.888888888889,0.000892292738329538
223,0.000892154154017327
223.111111111111,0.000891687347573196
223.222222222222,0.000892995018555492
223.333333333333,0.000893413145869253
223.444444444444,0.000892103923996096
223.555555555556,0.00089283539607721
223.666666666667,0.00089319461189453
223.777777777778,0.000893580244937729
223.888888888889,0.000893408300244383
224,0.00089402141110158
224.111111111111,0.000890813744813057
224.222222222222,0.000892839313363172
224.333333333333,0.000891116073793899
224.444444444444,0.000893414837726863
224.555555555556,0.000892729852252932
224.666666666667,0.00089466915859308
224.777777777778,0.000894282815581168
224.888888888889,0.000897107071391311
225,0.000895605269715438
225.111111111111,0.000896008891397503
225.222222222222,0.000892494625815404
225.333333333333,0.000895977755003149
225.444444444444,0.000894965913655162
225.555555555556,0.000894700920443896
225.666666666667,0.000893396715324282
225.777777777778,0.000896053165344494
225.888888888889,0.000895188285726648
226,0.000897930745286277
226.111111111111,0.000897452712513354
226.222222222222,0.00089568881528715
226.333333333333,0.000897259879794602
226.444444444444,0.000896748161255252
226.555555555556,0.000897562354268981
226.666666666667,0.000897741770069779
226.777777777778,0.000897411728269233
226.888888888889,0.0008953164464465
227,0.000899449446055327
227.111111111111,0.000895727603091962
227.222222222222,0.00089653974255027
227.333333333333,0.000898516827034539
227.444444444444,0.000897017908418786
227.555555555556,0.000899608771004705
227.666666666667,0.000897419836622243
227.777777777778,0.00089894781159405
227.888888888889,0.000899041547009881
228,0.000902313163731957
228.111111111111,0.000897840435560324
228.222222222222,0.000901389365845634
228.333333333333,0.000901121407662864
228.444444444444,0.000898195688615995
228.555555555556,0.00090049078995661
228.666666666667,0.000902337213190661
228.777777777778,0.000898201280461335
228.888888888889,0.000900503058557806
229,0.000900572048112745
229.111111111111,0.000902491429252508
229.222222222222,0.00090181506875184
229.333333333333,0.000904880863037593
229.444444444444,0.000902804327218765
229.555555555556,0.000901106961223451
229.666666666667,0.000901545913104263
229.777777777778,0.000904358060452982
229.888888888889,0.000901256493986675
230,0.000904807812214519
230.111111111111,0.000901745561294657
230.222222222222,0.000902609703799507
230.333333333333,0.000901543002383908
230.444444444444,0.000904020323538888
230.555555555556,0.000906309503821627
230.666666666667,0.000906366458105553
230.777777777778,0.000905354359333561
230.888888888889,0.000905511135783813
231,0.000905955192739213
231.111111111111,0.000905652223738982
231.222222222222,0.00090506954076657
231.333333333333,0.000905172598968928
231.444444444444,0.000906719477265018
231.555555555556,0.000906157192343946
231.666666666667,0.000905717265493936
231.777777777778,0.000904246000210253
231.888888888889,0.000906292257645439
232,0.000906424620713958
232.111111111111,0.00090864509739675
232.222222222222,0.000907784670586471
232.333333333333,0.000908379349036583
232.444444444444,0.00090790665529916
232.555555555556,0.000907521633068559
232.666666666667,0.0009054058549996
232.777777777778,0.000908158337335994
232.888888888889,0.000907660282203474
233,0.000908728191751921
233.111111111111,0.000907074465657389
233.222222222222,0.000908989363902558
233.333333333333,0.000908540576920164
233.444444444444,0.00090983854255295
233.555555555556,0.000910887220746569
233.666666666667,0.000910489400234158
233.777777777778,0.000909173001599117
233.888888888889,0.000911288911711066
234,0.000909579051957441
234.111111111111,0.000909789495050516
234.222222222222,0.000909392260234454
234.333333333333,0.000912583795426175
234.444444444444,0.000912511344802845
234.555555555556,0.000911947521102009
234.666666666667,0.000907849580924607
234.777777777778,0.000912112299924451
234.888888888889,0.0009115768799782
235,0.000911464670705623
235.111111111111,0.000912252574133248
235.222222222222,0.000910756923015688
235.333333333333,0.000911952307879436
235.444444444444,0.000913033632767984
235.555555555556,0.000914497000871724
235.666666666667,0.000913564634822334
235.777777777778,0.000913474436512835
235.888888888889,0.000914946826633935
236,0.000914662474188115
236.111111111111,0.000916092526421669
236.222222222222,0.000912457590878869
236.333333333333,0.000915226488568847
236.444444444444,0.000915504103414981
236.555555555556,0.000914484677311252
236.666666666667,0.000917016455161446
236.777777777778,0.000913161537691772
236.888888888889,0.000917560854030128
237,0.000917936352735668
237.111111111111,0.000917267021410281
237.222222222222,0.000916961783999623
237.333333333333,0.000917077536005569
237.444444444444,0.000917587590467528
237.555555555556,0.000915996845025963
237.666666666667,0.000917800466858592
237.777777777778,0.000917617825326361
237.888888888889,0.000920045725990719
238,0.000920857878523248
238.111111111111,0.000918571589837137
238.222222222222,0.000921454771908272
238.333333333333,0.000920460714682312
238.444444444444,0.000922801312888589
238.555555555556,0.000922482077285905
238.666666666667,0.000919720474353959
238.777777777778,0.000920093779013557
238.888888888889,0.000921191285708569
239,0.000920462127271063
239.111111111111,0.000921876102897508
239.222222222222,0.00092108940826015
239.333333333333,0.000921875199995884
239.444444444444,0.000919750053624748
239.555555555556,0.000921693735197888
239.666666666667,0.000921759888745096
239.777777777778,0.00092306549400137
239.888888888889,0.000922807628435825
240,0.000921993386601221
240.111111111111,0.000920604305041601
240.222222222222,0.000925151709138768
240.333333333333,0.000924768069249511
240.444444444444,0.000922891907025868
240.555555555556,0.000921377260821784
240.666666666667,0.000926802732885829
240.777777777778,0.000923615032036626
240.888888888889,0.000925180312000619
241,0.000928496286939963
241.111111111111,0.000925261266728908
241.222222222222,0.000927651937857761
241.333333333333,0.000928362713535475
241.444444444444,0.000927241092304463
241.555555555556,0.000928843300075646
241.666666666667,0.000928012351538722
241.777777777778,0.000927703368714093
241.888888888889,0.000929587636298534
242,0.000928816495129099
242.111111111111,0.000929101201403937
242.222222222222,0.000928952753863365
242.333333333333,0.000928162740630201
242.444444444444,0.000930624052818929
242.555555555556,0.000928559967045648
242.666666666667,0.000930192482576535
242.777777777778,0.000930851855123966
242.888888888889,0.000931445502330743
243,0.000933327223088292
243.111111111111,0.00093103520077761
243.222222222222,0.000932948190513932
243.333333333333,0.00092977510786248
243.444444444444,0.000932120551015935
243.555555555556,0.000933027411613216
243.666666666667,0.00093380370029537
243.777777777778,0.000933355673691682
243.888888888889,0.000933635404111259
244,0.000934646906800343
244.111111111111,0.00093484290857414
244.222222222222,0.000934765965364275
244.333333333333,0.000934396780876766
244.444444444444,0.000934690642038477
244.555555555556,0.000935769423002047
244.666666666667,0.00093738870922669
244.777777777778,0.000936328891773525
244.888888888889,0.000936772848370415
245,0.000936819109066639
245.111111111111,0.000937686377008434
245.222222222222,0.000935437838505874
245.333333333333,0.000938588427828969
245.444444444444,0.000940352672795888
245.555555555556,0.000938204018486679
245.666666666667,0.000935739493782853
245.777777777778,0.000939269246798542
245.888888888889,0.000938220214206544
246,0.000937484329091724
246.111111111111,0.000941315880842143
246.222222222222,0.00093985669257272
246.333333333333,0.000942727584648733
246.444444444444,0.000940583906306733
246.555555555556,0.000940584349364965
246.666666666667,0.000940409060826037
246.777777777778,0.000946171906234928
246.888888888889,0.000943167746895813
247,0.000941913251678742
247.111111111111,0.000938983821439982
247.222222222222,0.000943720734690037
247.333333333333,0.000941046121825548
247.444444444444,0.000942712579120832
247.555555555556,0.000944230233850103
247.666666666667,0.000945207362750775
247.777777777778,0.000945472337522592
247.888888888889,0.000946450536379008
248,0.000946915248050956
248.111111111111,0.000945298649532018
248.222222222222,0.000947658289710771
248.333333333333,0.000946697041053351
248.444444444444,0.000945667362134806
248.555555555556,0.000946185746075411
248.666666666667,0.000945899394813495
248.777777777778,0.000944908315068761
248.888888888889,0.000949797912048705
249,0.000948176018584562
249.111111111111,0.000946894866576277
249.222222222222,0.000953273700768722
249.333333333333,0.000947753632353486
249.444444444444,0.000948476891506773
249.555555555556,0.00095068939896037
249.666666666667,0.000949607390944802
249.777777777778,0.000948737703607746
249.888888888889,0.000951169311549988
250,0.000951498459631558
250.111111111111,0.000952007151049217
250.222222222222,0.00095117165515378
250.333333333333,0.000953371994288143
250.444444444444,0.000953139413906108
250.555555555556,0.000954684862064986
250.666666666667,0.000953843700945735
250.777777777778,0.000952737006511949
250.888888888889,0.000954094881286922
251,0.000954520300504749
251.111111111111,0.000955461659639717
251.222222222222,0.000953755532747828
251.333333333333,0.000954759823000063
251.444444444444,0.000956083623920039
251.555555555556,0.000956309535222138
251.666666666667,0.000959081865154605
251.777777777778,0.000956998202003871
251.888888888889,0.000957520253815887
252,0.000957507649595345
252.111111111111,0.000958931901156141
252.222222222222,0.000959040964875487
252.333333333333,0.000958576016227927
252.444444444444,0.00096068696682431
252.555555555556,0.000959503632624721
252.666666666667,0.000959649936253912
252.777777777778,0.000962628262170178
252.888888888889,0.000960250831765292
253,0.00096038352425472
253.111111111111,0.000961152026785362
253.222222222222,0.000962142568211255
253.333333333333,0.000961757568592343
253.444444444444,0.000961719050626199
253.555555555556,0.000961528857759049
253.666666666667,0.000963623932404788
253.777777777778,0.000964755644173507
253.888888888889,0.000965607077955749
254,0.000965875247561182
254.111111111111,0.000965858935001992
254.222222222222,0.000963713867315529
254.333333333333,0.000966402569495488
254.444444444444,0.000969581909020431
254.555555555556,0.000967874124885844
254.666666666667,0.000967468980893464
254.777777777778,0.000970140990530768
254.888888888889,0.000964710862239161
255,0.000967473994808954
255.111111111111,0.000968277608410826
255.222222222222,0.000968343443110575
255.333333333333,0.000970747538756719
255.444444444444,0.0009705589785526
255.555555555556,0.000967903684614512
255.666666666667,0.000969303993597637
255.777777777778,0.00097168590098621
255.888888888889,0.00097249628864238
256,0.000972973930407324
256.111111111111,0.000975903415713139
256.222222222222,0.000972728108887517
256.333333333333,0.000976008653482298
256.444444444444,0.000972675890687944
256.555555555556,0.000974418798326688
256.666666666667,0.000973819672177043
256.777777777778,0.000975445181415708
256.888888888889,0.000976166111699349
257,0.000976048705067896
257.111111111111,0.000976302473494823
257.222222222222,0.000973771703461068
257.333333333333,0.000977754184476927
257.444444444444,0.000974804304523058
257.555555555556,0.000976856172831231
257.666666666667,0.000978482937337737
257.777777777778,0.000981477860789591
257.888888888889,0.000980644021021523
258,0.000980395632693375
258.111111111111,0.000977418124066828
258.222222222222,0.000981440226297955
258.333333333333,0.000982632124797221
258.444444444444,0.000980088415717528
258.555555555556,0.000982140877364565
258.666666666667,0.000980770010042692
258.777777777778,0.000984982473531933
258.888888888889,0.000982810116910248
259,0.000983333530851809
259.111111111111,0.000984040492976653
259.222222222222,0.000985533810569406
259.333333333333,0.000986015185751394
259.444444444444,0.000985785803048811
259.555555555556,0.000984989809947157
259.666666666667,0.000982632463646574
259.777777777778,0.00098503096454515
259.888888888889,0.000985790820239368
260,0.000990214123317845
260.111111111111,0.000986998951733725
260.222222222222,0.000988662709271095
260.333333333333,0.00099068222257078
260.444444444444,0.000988251788958438
260.555555555556,0.000989508584383568
260.666666666667,0.000991200168971333
260.777777777778,0.000992857638683739
260.888888888889,0.000991574643781335
261,0.000991037161484095
261.111111111111,0.000992173896855181
261.222222222222,0.000994087188717748
261.333333333333,0.000993210455385869
261.444444444444,0.000994407466409944
261.555555555556,0.000993864724534345
261.666666666667,0.000997089219805397
261.777777777778,0.000996570044116194
261.888888888889,0.000996103926179322
262,0.000991991245213601
262.111111111111,0.000997592157878507
262.222222222222,0.000997988369619262
262.333333333333,0.000999175334616118
262.444444444444,0.000997317438042323
262.555555555556,0.000999202186981627
262.666666666667,0.00099755764750935
262.777777777778,0.00100042755499916
262.888888888889,0.000999104148265633
263,0.00100011632107842
263.111111111111,0.00100117962796873
263.222222222222,0.00100207235404873
263.333333333333,0.00100198294705646
263.444444444444,0.00100244485672858
263.555555555556,0.0010002914865146
263.666666666667,0.00100262072059624
263.777777777778,0.00100117643976201
263.888888888889,0.00100602265925158
264,0.00100361088069794
264.111111111111,0.00100681188572756
264.222222222222,0.00100463809028254
264.333333333333,0.00100453994104454
264.444444444444,0.00100711291537277
264.555555555556,0.00100656227577181
264.666666666667,0.00100872178534626
264.777777777778,0.00100758376033545
264.888888888889,0.00100868568716393
265,0.00100844338559625
265.111111111111,0.00101143770757157
265.222222222222,0.00100920219931566
265.333333333333,0.00101052313981018
265.444444444444,0.00101293531521183
265.555555555556,0.00100842045396289
265.666666666667,0.00101128917744706
265.777777777778,0.00101425187362256
265.888888888889,0.00101281515378103
266,0.00101212190253168
266.111111111111,0.0010148434577654
266.222222222222,0.00101680901976875
266.333333333333,0.00101379880780836
266.444444444444,0.00101676827224351
266.555555555556,0.00101590586111528
266.666666666667,0.00101617249556207
266.777777777778,0.00101624097191212
266.888888888889,0.00101612511414353
267,0.00101925796696588
267.111111111111,0.00102061751406507
267.222222222222,0.00102030541554134
267.333333333333,0.00101967978500628
267.444444444444,0.00102165721369587
267.555555555556,0.0010219556483083
267.666666666667,0.00102190658547228
267.777777777778,0.00102246574412607
267.888888888889,0.00101914539940643
268,0.00102280721668058
268.111111111111,0.00102176186210446
268.222222222222,0.00102324287967164
268.333333333333,0.00102522446495785
268.444444444444,0.00102700704968187
268.555555555556,0.00102538596547226
268.666666666667,0.00102812994950145
268.777777777778,0.00102595380888189
268.888888888889,0.00102875816280184
269,0.00102834307038218
269.111111111111,0.00103278516323378
269.222222222222,0.00102757822523543
269.333333333333,0.00102760547057838
269.444444444444,0.00103121511961098
269.555555555556,0.00103025493035618
269.666666666667,0.00102916015936986
269.777777777778,0.00103196413354344
269.888888888889,0.00103145820494047
270,0.00103256766662679
270.111111111111,0.00103399585389598
270.222222222222,0.00103210044745241
270.333333333333,0.00103334741199114
270.444444444444,0.0010369503262427
270.555555555556,0.00103467022893801
270.666666666667,0.00103823417062452
270.777777777778,0.00103879314266773
270.888888888889,0.00103944974981282
271,0.00103601556846597
271.111111111111,0.0010361656384732
271.222222222222,0.00104041490997222
271.333333333333,0.00103921060210136
271.444444444444,0.00104102944661497
271.555555555556,0.00104066532659714
271.666666666667,0.00104173751576659
271.777777777778,0.00103982582241847
271.888888888889,0.00104388308300776
272,0.00104333802585176
272.111111111111,0.00104403411908129
272.222222222222,0.00104234727242833
272.333333333333,0.00104527938093511
272.444444444444,0.00104633249675633
272.555555555556,0.0010470735373509
272.666666666667,0.00104836705253749
272.777777777778,0.00104915179253042
272.888888888889,0.0010503725751729
273,0.00104873063586435
273.111111111111,0.00104995025144777
273.222222222222,0.00104939074160294
273.333333333333,0.00104849187201504
273.444444444444,0.00105220370506508
273.555555555556,0.00105144703063278
273.666666666667,0.00105452277648097
273.777777777778,0.00105333455042812
273.888888888889,0.00105392626109504
274,0.00105741656865117
274.111111111111,0.00105648314065698
274.222222222222,0.00105331110166279
274.333333333333,0.00105720794609928
274.444444444444,0.00105990415392752
274.555555555556,0.00105843714063524
274.666666666667,0.00105587788429855
274.777777777778,0.00105875083451304
274.888888888889,0.00106138618922924
275,0.00106210376702636
275.111111111111,0.00106121136274802
275.222222222222,0.00106335065439859
275.333333333333,0.00106335955116073
275.444444444444,0.0010628261434991
275.555555555556,0.00106549591343414
275.666666666667,0.00106353916119939
275.777777777778,0.00106802612819054
275.888888888889,0.0010638981293498
276,0.00106696962490595
276.111111111111,0.00106634588676523
276.222222222222,0.0010691932304193
276.333333333333,0.00106748735856207
276.444444444444,0.00106784874937352
276.555555555556,0.00106923053457114
276.666666666667,0.00106927561572445
276.777777777778,0.00107131936628595
276.888888888889,0.00106973031647844
277,0.00107187625151132
277.111111111111,0.00107373006471304
277.222222222222,0.00107229515770887
277.333333333333,0.00107389308021859
277.444444444444,0.00107736605786158
277.555555555556,0.00107556095358947
277.666666666667,0.00107844811299057
277.777777777778,0.00107816192978973
277.888888888889,0.00107691308895226
278,0.0010789247485485
278.111111111111,0.00107785029550666
278.222222222222,0.00108090103533909
278.333333333333,0.00107998380164777
278.444444444444,0.00108220413404764
278.555555555556,0.00108215454065145
278.666666666667,0.00108434298331085
278.777777777778,0.00108212019903544
278.888888888889,0.00108384573822951
279,0.00108494981419709
279.111111111111,0.00108461554047857
279.222222222222,0.00108457745151435
279.333333333333,0.00108589550661258
279.444444444444,0.00108708838190413
279.555555555556,0.00108793770905185
279.666666666667,0.00108853637505093
279.777777777778,0.00108898879210187
279.888888888889,0.00109119532073909
280,0.00109196419381516
280.111111111111,0.00108963687480893
280.222222222222,0.00109420474713431
280.333333333333,0.00109390238491813
280.444444444444,0.00109377240092603
280.555555555556,0.00109430627125021
280.666666666667,0.00109555303678086
280.777777777778,0.00109554535787445
280.888888888889,0.00109466344929489
281,0.00109743757835959
281.111111111111,0.0010968588773852
281.222222222222,0.00109869877642757
281.333333333333,0.00109843955888415
281.444444444444,0.00109999114057813
281.555555555556,0.00110033476869429
281.666666666667,0.00109881294929595
281.777777777778,0.00110037374119233
281.888888888889,0.00110423112962291
282,0.00110245518407649
282.111111111111,0.00110464652021591
282.222222222222,0.0011068585515045
282.333333333333,0.0011070923527306
282.444444444444,0.0011064639071895
282.555555555556,0.00110947643666802
282.666666666667,0.00110931422130478
282.777777777778,0.00111101100665773
282.888888888889,0.00111086591033399
283,0.00111228501548034
283.111111111111,0.0011102472848346
283.222222222222,0.001110868406777
283.333333333333,0.00111227913420922
283.444444444444,0.00111475626779123
283.555555555556,0.00111419875565657
283.666666666667,0.00111503816596605
283.777777777778,0.0011173903075412
283.888888888889,0.00111774106228476
284,0.0011177463452159
284.111111111111,0.00111897333291578
284.222222222222,0.00111864684184119
284.333333333333,0.00111997006252137
284.444444444444,0.00112347220434134
284.555555555556,0.00112370845755521
284.666666666667,0.00112350160668568
284.777777777778,0.00112363298842738
284.888888888889,0.00112609215117099
285,0.00112491201548517
285.111111111111,0.00112665108024901
285.222222222222,0.00112756682225959
285.333333333333,0.00112818588295185
285.444444444444,0.00112911770668088
285.555555555556,0.00113074526779269
285.666666666667,0.00112901404001144
285.777777777778,0.00113353703409644
285.888888888889,0.00112990037273029
286,0.00113233270809807
286.111111111111,0.00113517572946631
286.222222222222,0.0011348938427415
286.333333333333,0.00113674753421971
286.444444444444,0.001134576273702
286.555555555556,0.00113710568320256
286.666666666667,0.00113639471510848
286.777777777778,0.00113790934861832
286.888888888889,0.00113745177022711
287,0.0011413826978594
287.111111111111,0.00114122201165635
287.222222222222,0.00114210194114641
287.333333333333,0.00114207514656388
287.444444444444,0.00114290443834222
287.555555555556,0.00114290838784841
287.666666666667,0.00114821530785525
287.777777777778,0.0011451233630927
287.888888888889,0.00114573163397494
288,0.001148104700401
288.111111111111,0.00114955789261033
288.222222222222,0.00115117836739472
288.333333333333,0.00114897170671095
288.444444444444,0.00115071185090191
288.555555555556,0.00115476467868124
288.666666666667,0.00115091590592708
288.777777777778,0.00115538213312758
288.888888888889,0.00115563465902597
289,0.00115512009398159
289.111111111111,0.00115537577690303
289.222222222222,0.00115929606836215
289.333333333333,0.00115722904869325
289.444444444444,0.00115726953152568
289.555555555556,0.00115987263195097
289.666666666667,0.00116092123940838
289.777777777778,0.00116095276552083
289.888888888889,0.00116407626356429
290,0.00116593457145674
290.111111111111,0.00116228944705036
290.222222222222,0.00116470502844475
290.333333333333,0.00116736647182756
290.444444444444,0.00116815585689914
290.555555555556,0.00116728809436425
290.666666666667,0.00116995302951522
290.777777777778,0.00116916974916708
290.888888888889,0.00117095559178988
291,0.00117434284340432
291.111111111111,0.0011742602164061
291.222222222222,0.00117545581294934
291.333333333333,0.00117627468097429
291.444444444444,0.00117510578352288
291.555555555556,0.00117411677920491
291.666666666667,0.00117546798331731
291.777777777778,0.0011776112025458
291.888888888889,0.00117799574484372
292,0.00117959623903835
292.111111111111,0.00117895563924377
292.222222222222,0.00118201357609191
292.333333333333,0.00118261193099678
292.444444444444,0.00118603790705163
292.555555555556,0.00118390403872032
292.666666666667,0.00118797844590148
292.777777777778,0.00118800424947327
292.888888888889,0.00119050404789337
293,0.00118926992845106
293.111111111111,0.00118835564872698
293.222222222222,0.00119026709135029
293.333333333333,0.00119026722909868
293.444444444444,0.00119469642011453
293.555555555556,0.00119463240759086
293.666666666667,0.00119616860877431
293.777777777778,0.00119494567764837
293.888888888889,0.00119599974597093
294,0.00120007026110214
294.111111111111,0.00119932937172112
294.222222222222,0.00120070146309298
294.333333333333,0.00119822296844113
294.444444444444,0.00120198325127059
294.555555555556,0.00120359995776343
294.666666666667,0.00120243224005294
294.777777777778,0.00120451208206212
294.888888888889,0.00120662079945783
295,0.00120778475253711
295.111111111111,0.00120536454856641
295.222222222222,0.00121083375528684
295.333333333333,0.0012094737497588
295.444444444444,0.00121050612490423
295.555555555556,0.00121257894989802
295.666666666667,0.00121254709208262
295.777777777778,0.00121460726345531
295.888888888889,0.00121500621092473
296,0.00121523277175375
296.111111111111,0.001215029463069
296.222222222222,0.00121969596760888
296.333333333333,0.00121787599915863
296.444444444444,0.0012196194098264
296.555555555556,0.0012232632400519
296.666666666667,0.00122113623614911
296.777777777778,0.00122195929571824
296.888888888889,0.00122308063309445
297,0.00122580126257556
297.111111111111,0.00122677378300398
297.222222222222,0.00123077098959207
297.333333333333,0.00123259408261797
297.444444444444,0.00122865189943025
297.555555555556,0.00122959366466013
297.666666666667,0.00123359368998082
297.777777777778,0.00123305894555337
297.888888888889,0.00123230129050872
298,0.00123342634334033
298.111111111111,0.00123598432020136
298.222222222222,0.00123847418015587
298.333333333333,0.00123593979795919
298.444444444444,0.00124187101956878
298.555555555556,0.00123708170995464
298.666666666667,0.00124062298596496
298.777777777778,0.00124220618973114
298.888888888889,0.00124525233119777
299,0.00124508105645194
299.111111111111,0.00124398048003175
299.222222222222,0.00124654446516249
299.333333333333,0.00124668775992797
299.444444444444,0.00124972321757339
299.555555555556,0.00125151776073409
299.666666666667,0.00125210031212767
299.777777777778,0.00125430732246894
299.888888888889,0.00125320960475756
300,0.00125609836132321
300.111111111111,0.0012572133437573
300.222222222222,0.0012563791837103
300.333333333333,0.00125745351598007
300.444444444444,0.00126021771226452
300.555555555556,0.00126168478484962
300.666666666667,0.00126282720543705
300.777777777778,0.00125980143070831
300.888888888889,0.00126292094077237
301,0.00126757073867669
301.111111111111,0.00126873108985847
301.222222222222,0.00126703874110161
301.333333333333,0.0012679447860961
301.444444444444,0.00127113383531683
301.555555555556,0.00127036578781502
301.666666666667,0.00127414047058628
301.777777777778,0.00127497996102489
301.888888888889,0.00127456786753488
302,0.00127445417264019
302.111111111111,0.00127788345309514
302.222222222222,0.00127800032684329
302.333333333333,0.00127871346059035
302.444444444444,0.00128105857796406
302.555555555556,0.00128174576930928
302.666666666667,0.00128549730224666
302.777777777778,0.00128322839830922
302.888888888889,0.0012870507203916
303,0.00128838763497529
303.111111111111,0.00128983475738382
303.222222222222,0.00128947183227448
303.333333333333,0.00129117620455634
303.444444444444,0.00129241981263921
303.555555555556,0.0012951795349205
303.666666666667,0.00129646490587036
303.777777777778,0.00129525412854455
303.888888888889,0.0012985597609958
304,0.00129874756451036
304.111111111111,0.00130010096010495
304.222222222222,0.00129780266975508
304.333333333333,0.00130302233775059
304.444444444444,0.00130296349787147
304.555555555556,0.00130491685875364
304.666666666667,0.00130517670014986
304.777777777778,0.00130933645122376
304.888888888889,0.001309194033792
305,0.00131155737942163
305.111111111111,0.00131478396936969
305.222222222222,0.00131225501580408
305.333333333333,0.0013144592450582
305.444444444444,0.00131537102872822
305.555555555556,0.0013174434683241
305.666666666667,0.00131832445247616
305.777777777778,0.00132064498400296
305.888888888889,0.0013225374447687
306,0.00131984564966605
306.111111111111,0.00132469007213585
306.222222222222,0.00132200406258844
306.333333333333,0.00132603191710367
306.444444444444,0.00132765901530386
306.555555555556,0.00133143711740739
306.666666666667,0.00133136257973534
306.777777777778,0.00133151102038306
306.888888888889,0.00133163653706606
307,0.00133730144802865
307.111111111111,0.00133401836047026
307.222222222222,0.00133601890454427
307.333333333333,0.00133748560351585
307.444444444444,0.0013417015966848
307.555555555556,0.00133952662952284
307.666666666667,0.00134211995263596
307.777777777778,0.00134396297895724
307.888888888889,0.00134606003177363
308,0.00134806317453844
308.111111111111,0.00134868447426704
308.222222222222,0.00135058807501583
308.333333333333,0.00134834888880717
308.444444444444,0.00135430486076371
308.555555555556,0.00135477282851637
308.666666666667,0.00135487731957023
308.777777777778,0.00135557424015107
308.888888888889,0.00135838828211587
309,0.00136077223920864
309.111111111111,0.00136110425490462
309.222222222222,0.00136330879254408
309.333333333333,0.0013673358996745
309.444444444444,0.00136632678290551
309.555555555556,0.00136658111054402
309.666666666667,0.00136714986526616
309.777777777778,0.00136836663212802
309.888888888889,0.0013726437908909
310,0.00137425789799871
310.111111111111,0.0013736522397263
310.222222222222,0.00137640008491942
310.333333333333,0.00137898341116692
310.444444444444,0.00137613228375272
310.555555555556,0.00138215106743002
310.666666666667,0.0013803671396817
310.777777777778,0.00138182536156314
310.888888888889,0.00138322848587927
311,0.00138724903953394
311.111111111111,0.00138792485684602
311.222222222222,0.00138797730440403
311.333333333333,0.00139056583210925
311.444444444444,0.00139409924040807
311.555555555556,0.00139050964468829
311.666666666667,0.00139589500230577
311.777777777778,0.00139912046405354
311.888888888889,0.00139571906794364
312,0.00139724435662825
312.111111111111,0.00140221085427566
312.222222222222,0.00140221499281034
312.333333333333,0.00140568086940259
312.444444444444,0.00140482545247368
312.555555555556,0.00140738164123908
312.666666666667,0.00141023293738922
312.777777777778,0.00141240472836823
312.888888888889,0.00141266921988939
313,0.00141524460571666
313.111111111111,0.00141671632794277
313.222222222222,0.00141959693661359
313.333333333333,0.00142067014087316
313.444444444444,0.00142100781273188
313.555555555556,0.00142224367802276
313.666666666667,0.0014258159027201
313.777777777778,0.00142932419722318
313.888888888889,0.0014272117728128
314,0.00143062403040904
314.111111111111,0.00143194732611319
314.222222222222,0.00143194656792445
314.333333333333,0.00143421397126527
314.444444444444,0.00143656878387727
314.555555555556,0.00143732723530736
314.666666666667,0.00143941319187945
314.777777777778,0.00144015092847045
314.888888888889,0.00144410465123616
315,0.00144532069965015
315.111111111111,0.00144642364470254
315.222222222222,0.00145125784004012
315.333333333333,0.00144865124172552
315.444444444444,0.0014517662042107
315.555555555556,0.00145350413244078
315.666666666667,0.00145706583608229
315.777777777778,0.00145605989629126
315.888888888889,0.00145945205204709
316,0.00146172491698408
316.111111111111,0.00146386726737738
316.222222222222,0.00146393809859473
316.333333333333,0.00146589859650044
316.444444444444,0.00146753868776784
316.555555555556,0.00146861976860389
316.666666666667,0.00147050336588619
316.777777777778,0.00147175107396412
316.888888888889,0.00147441576321064
317,0.00147597300970178
317.111111111111,0.00147800164256848
317.222222222222,0.00147947573314071
317.333333333333,0.00148271733202967
317.444444444444,0.00148334696884011
317.555555555556,0.00148603420988812
317.666666666667,0.00148613883764083
317.777777777778,0.00148910455531516
317.888888888889,0.00149240263946951
318,0.00149214961574441
318.111111111111,0.00149371084820899
318.222222222222,0.00149663495487291
318.333333333333,0.00149857140470154
318.444444444444,0.00149862754172529
318.555555555556,0.00150333900594136
318.666666666667,0.00150439451798273
318.777777777778,0.00150670704722993
318.888888888889,0.00150911448485739
319,0.00150841484935618
319.111111111111,0.00151179699210916
319.222222222222,0.00151100866185267
319.333333333333,0.00151632013283688
319.444444444444,0.00151716033038393
319.555555555556,0.00151866920570423
319.666666666667,0.00152133267227887
319.777777777778,0.00152367605917781
319.888888888889,0.0015266301992916
320,0.0015261875486718
320.111111111111,0.00152825801885484
320.222222222222,0.00153342392608402
320.333333333333,0.0015324792642192
320.444444444444,0.00153554662414097
320.555555555556,0.00153791469911562
320.666666666667,0.00153702971216685
320.777777777778,0.00153839343559413
320.888888888889,0.00154298303686911
321,0.00154466895583643
321.111111111111,0.00154770232884974
321.222222222222,0.00155211893016996
321.333333333333,0.00155239455282553
321.444444444444,0.00155322496472146
321.555555555556,0.00155572514712024
321.666666666667,0.00155607318301012
321.777777777778,0.00155876030006641
321.888888888889,0.00156089122484818
322,0.00156412504453901
322.111111111111,0.00156443707697794
322.222222222222,0.00156979328057854
322.333333333333,0.00157032681901923
322.444444444444,0.00157279735981366
322.555555555556,0.0015772787622935
322.666666666667,0.00157842046195638
322.777777777778,0.0015812802829734
322.888888888889,0.00158238124072786
323,0.00158522974968987
323.111111111111,0.00158627303171931
323.222222222222,0.00158683863958635
323.333333333333,0.00158915451973143
323.444444444444,0.0015941280157837
323.555555555556,0.00159571671593383
323.666666666667,0.0015959360875781
323.777777777778,0.00159959272822981
323.888888888889,0.0016024219516127
324,0.00160163180099432
324.111111111111,0.00160506820631318
324.222222222222,0.001609330857906
324.333333333333,0.00160992001320936
324.444444444444,0.00161247956883588
324.555555555556,0.00161271114155484
324.666666666667,0.00161654205167197
324.777777777778,0.00161732251467661
324.888888888889,0.00162029876655744
325,0.00162580065713979
325.111111111111,0.00162630058219501
325.222222222222,0.00163029730652859
325.333333333333,0.00162895993774716
325.444444444444,0.00163279893279909
325.555555555556,0.00163599217009002
325.666666666667,0.00163753640360837
325.777777777778,0.00163969241676299
325.888888888889,0.00164523088146923
326,0.00164644640829834
326.111111111111,0.00164719154025365
326.222222222222,0.00164888337791004
326.333333333333,0.00165360457569397
326.444444444444,0.00165737990812593
326.555555555556,0.00165617565465547
326.666666666667,0.00165857468834796
326.777777777778,0.00166061791647795
326.888888888889,0.00166266737463091
327,0.00166761980560545
327.111111111111,0.00166836106569996
327.222222222222,0.00167251867750022
327.333333333333,0.00167640941154164
327.444444444444,0.00167697926593193
327.555555555556,0.00167887595028301
327.666666666667,0.00168377618274123
327.777777777778,0.00168266075902455
327.888888888889,0.00168641630816694
328,0.00168732905566382
328.111111111111,0.00169145856047578
328.222222222222,0.00169526376104846
328.333333333333,0.00169762795122541
328.444444444444,0.00169978365748272
328.555555555556,0.00170351323229754
328.666666666667,0.00170505778344848
328.777777777778,0.00170766282738503
328.888888888889,0.00170821038218111
329,0.00171146052600398
329.111111111111,0.00171628144169291
329.222222222222,0.0017185549638741
329.333333333333,0.00171981251978081
329.444444444444,0.00172355710272747
329.555555555556,0.00172423227277249
329.666666666667,0.00172805841592839
329.777777777778,0.0017294712901862
329.888888888889,0.00173233404367152
330,0.00173476199366158
330.111111111111,0.00173983594891392
330.222222222222,0.00174284124758386
330.333333333333,0.00174621209106753
330.444444444444,0.00174898532936504
330.555555555556,0.00175132656479173
330.666666666667,0.00175427115408372
330.777777777778,0.00175731272532856
330.888888888889,0.00175997056674959
331,0.00176325757640708
331.111111111111,0.00176288968242595
331.222222222222,0.00176629954881821
331.333333333333,0.00176815411688825
331.444444444444,0.00177277190400268
331.555555555556,0.0017779699156983
331.666666666667,0.0017796188361708
331.777777777778,0.0017820321873581
331.888888888889,0.00178339305200533
332,0.00178851326758485
332.111111111111,0.00178989420736903
332.222222222222,0.00179421407041703
332.333333333333,0.00179470277015895
332.444444444444,0.00179897219363238
332.555555555556,0.00180133303354845
332.666666666667,0.00180572333731782
332.777777777778,0.00180951519986579
332.888888888889,0.00181150833835172
333,0.00181454526826875
333.111111111111,0.00181845107963327
333.222222222222,0.00181968638403068
333.333333333333,0.00182706188427245
333.444444444444,0.00182749356296166
333.555555555556,0.00182960395645286
333.666666666667,0.00183466013103174
333.777777777778,0.00183545314362728
333.888888888889,0.00183881836918094
334,0.00184293754134596
334.111111111111,0.00184778049967986
334.222222222222,0.00184797371482331
334.333333333333,0.00185268705068713
334.444444444444,0.00185595666364949
334.555555555556,0.00186124038031603
334.666666666667,0.00186092636108644
334.777777777778,0.00186838291545598
334.888888888889,0.0018665980056658
335,0.00187270996305761
335.111111111111,0.00187602203552121
335.222222222222,0.0018805441531061
335.333333333333,0.00188346313685024
335.444444444444,0.00188507581671907
335.555555555556,0.00188909026587446
335.666666666667,0.00189177330837843
335.777777777778,0.00189586474734488
335.888888888889,0.00189763173811717
336,0.00190198966342999
336.111111111111,0.00190248600431708
336.222222222222,0.0019086459612304
336.333333333333,0.00191368587014285
336.444444444444,0.00191556951109048
336.555555555556,0.0019189145666735
336.666666666667,0.00192047748834813
336.777777777778,0.00192617927436129
336.888888888889,0.00192876362349537
337,0.0019336335807617
337.111111111111,0.00193748194056841
337.222222222222,0.00194387930712703
337.333333333333,0.00194488032465766
337.444444444444,0.00194742621034663
337.555555555556,0.00195053865457687
337.666666666667,0.00195399282618016
337.777777777778,0.0019605559309259
337.888888888889,0.00196165642624788
338,0.00196700172639664
338.111111111111,0.00196943681702948
338.222222222222,0.00197081996881998
338.333333333333,0.00197917606037621
338.444444444444,0.00198108576216613
338.555555555556,0.00198586679326376
338.666666666667,0.00198860677806626
338.777777777778,0.00199388483795179
338.888888888889,0.00199764434353911
339,0.0019983272890302
339.111111111111,0.0020042633537632
339.222222222222,0.002006701121984
339.333333333333,0.00201153463165784
339.444444444444,0.00201715706243974
339.555555555556,0.00202161671589824
339.666666666667,0.00202437587627468
339.777777777778,0.00202674616666081
339.888888888889,0.00203437473364516
340,0.00203660832688418
340.111111111111,0.002039823115863
340.222222222222,0.00204442835770295
340.333333333333,0.0020483332570685
340.444444444444,0.00205194889195057
340.555555555556,0.00205469166392125
340.666666666667,0.00206510911667922
340.777777777778,0.00206531934657013
340.888888888889,0.00207081766463194
341,0.00207294915835141
341.111111111111,0.00207545955072809
341.222222222222,0.00208205293548197
341.333333333333,0.0020855696737601
341.444444444444,0.00208989927295049
341.555555555556,0.00209333258517216
341.666666666667,0.00209951986811493
341.777777777778,0.00210044866160404
341.888888888889,0.00210621115022291
342,0.00211249663069801
342.111111111111,0.00211853408519369
342.222222222222,0.00212125293047488
342.333333333333,0.00212546680340443
342.444444444444,0.00212803587246374
342.555555555556,0.00213454272433099
342.666666666667,0.00214066497030575
342.777777777778,0.00214327782223975
342.888888888889,0.00214819476990874
343,0.00215287852683094
343.111111111111,0.00215839978281519
343.222222222222,0.00216423851310376
343.333333333333,0.00216670139550713
343.444444444444,0.0021694652004414
343.555555555556,0.00217685384968685
343.666666666667,0.00218179907695145
343.777777777778,0.00218824558826738
343.888888888889,0.00219284156311474
344,0.00219476665982728
344.111111111111,0.00220124833087359
344.222222222222,0.00220514532206396
344.333333333333,0.00220739354288032
344.444444444444,0.00221548379770832
344.555555555556,0.00222211507709473
344.666666666667,0.00222578420858474
344.777777777778,0.00223196475612825
344.888888888889,0.0022369097449627
345,0.00224361145382937
345.111111111111,0.00224616877877035
345.222222222222,0.00224987718547533
345.333333333333,0.00225526529092326
345.444444444444,0.00226248040662903
345.555555555556,0.00226637254203469
345.666666666667,0.00227135177175948
345.777777777778,0.00227737412053522
345.888888888889,0.00228386483752996
346,0.00229004926391543
346.111111111111,0.00229449548749854
346.222222222222,0.00229730936417046
346.333333333333,0.00230516788750856
346.444444444444,0.00231039811613944
346.555555555556,0.00231669725407905
346.666666666667,0.00232318461526311
346.777777777778,0.0023302298223624
346.888888888889,0.00233557093741114
347,0.00233872380873126
347.111111111111,0.00234288435375324
347.222222222222,0.00235091659749613
347.333333333333,0.00235325940773841
347.444444444444,0.00236215732670452
347.555555555556,0.00236811069352279
347.666666666667,0.00237470325726093
347.777777777778,0.00237922404458645
347.888888888889,0.0023846837712119
348,0.00239297222384156
348.111111111111,0.00239834332792421
348.222222222222,0.00240219294494115
348.333333333333,0.00241188993935223
348.444444444444,0.00242373433571333
348.555555555556,0.00242318949201996
348.666666666667,0.00242790044055214
348.777777777778,0.00243717816028289
348.888888888889,0.00245401977224246
349,0.00245166018647293
349.111111111111,0.00244662733118599
349.222222222222,0.00246779762060265
349.333333333333,0.00247752231035211
349.444444444444,0.0024814593277663
349.555555555556,0.00247458744994521
349.666666666667,0.00249052311451282
349.777777777778,0.00250973096881996
349.888888888889,0.0025048817948677
350,0.00250345650031458
350.111111111111,0.00251171414165769
350.222222222222,0.00254729591634806
350.333333333333,0.00254919999842118
350.444444444444,0.00253245083453058
350.555555555556,0.00254261997281159
350.666666666667,0.00257340836735091
350.777777777778,0.0025854962465342
350.888888888889,0.00255227390307335
351,0.00256927717702536
351.111111111111,0.00262719867415035
351.222222222222,0.00264878796131138
351.333333333333,0.00260127697009236
351.444444444444,0.00261327167808715
351.555555555556,0.00269852869749959
351.666666666667,0.00268463759672324
351.777777777778,0.00261505866582994
351.888888888889,0.00263407563131405
352,0.00277572232819716
352.111111111111,0.00276021848502365
352.222222222222,0.00264894582656565
352.333333333333,0.00277090685586241
352.444444444444,0.00296097220016441
352.555555555556,0.00294017417155207
352.666666666667,0.0026850489406692
352.777777777778,0.00296457245738619
352.888888888889,0.0034088712886764
353,0.00302726695516919
353.111111111111,0.00280455950626101
353.222222222222,0.0042031307206648
353.333333333333,0.00712372797146491
353.444444444444,0.00646158544634217
353.555555555556,0.00708262489522596
353.666666666667,0.0110911999061073
353.777777777778,0.00321715306309664
353.888888888889,0.00659851600617728
354,0.00405738623568438
354.111111111111,0.00240387148779619
354.222222222222,0.0124443438297141
354.333333333333,0.00872014314310996
354.444444444444,0.00111533686932312
354.555555555556,0.00219516243837303
354.666666666667,0.00613420331319397
354.777777777778,0.00846278145312797
354.888888888889,0.00743025282259339
355,0.0107196712237526
355.111111111111,0.0037101773871528
355.222222222222,0.00315767981789167
355.333333333333,0.0127501958872437
355.444444444444,0.0120584571985568
355.555555555556,0.0109305951498519
355.666666666667,0.00389987958122426
355.777777777778,0.00753723611178928
355.888888888889,0.00503496847632813
356,0.00304665142931905
356.111111111111,0.00198068814104903
356.222222222222,0.0126212168738196
356.333333333333,0.00186137296129376
356.444444444444,0.0126649957475788
356.555555555556,0.00811138876070445
356.666666666667,0.00505634418933285
356.777777777778,0.016474209673312
356.888888888889,0.0168626254554155
357,0.0100117511625068
357.111111111111,0.00324006091380002
357.222222222222,0.0132445672189562
357.333333333333,0.00564357138739288
357.444444444444,0.00402289180626917
357.555555555556,0.0224535333428087
357.666666666667,0.0068192440672341
357.777777777778,0.0123901061229117
357.888888888889,0.00700473125155599
358,0.00372261180977809
358.111111111111,0.00540273886925704
358.222222222222,0.0104475924390749
358.333333333333,0.0071687992235961
358.444444444444,0.00586975946053036
358.555555555556,0.00643496968176904
358.666666666667,0.00656091434206278
358.777777777778,0.0138017986555797
358.888888888889,0.0175794665327013
359,0.016383992329707
359.111111111111,0.00944147452845685
359.222222222222,0.0114257030396599
359.333333333333,0.00379252816530206
359.444444444444,0.00846320747235931
359.555555555556,0.00174694163589243
359.666666666667,0.00951426645007893
359.777777777778,0.00652264340248633
359.888888888889,0.00556283460120917
360,0.0137916799788499
360.111111111111,0.0117404937991918
360.222222222222,0.00480868943912551
360.333333333333,0.0153857492046212
360.444444444444,0.0111960795068167
360.555555555556,0.00674683586268094
360.666666666667,0.0146411235986083
360.777777777778,0.00491413321394244
360.888888888889,0.00404306506258964
361,0.00175586614783092
361.111111111111,0.00687399539996827
361.222222222222,0.00358576030189905
361.333333333333,0.0136595551860182
361.444444444444,0.0124847557040513
361.555555555556,0.00753841878883531
361.666666666667,0.0123683235516082
361.777777777778,0.0042109273694768
361.888888888889,0.00656844933381533
362,0.00839305489414207
362.111111111111,0.00822169665953767
362.222222222222,0.00987566798421716
362.333333333333,0.0172370040534319
362.444444444444,0.00411376677764544
362.555555555556,0.0143968627573561
362.666666666667,0.00773793252246056
362.777777777778,0.0207164812569839
362.888888888889,0.0063056911696235
363,0.0125529647005647
363.111111111111,0.0151021098423371
363.222222222222,0.0100654143083859
363.333333333333,0.0142286916777959
363.444444444444,0.007824257295984
363.555555555556,0.00718059147839487
363.666666666667,0.0185518526054041
363.777777777778,0.0183074072079813
363.888888888889,0.00573229535884883
364,0.00435867426492694
364.111111111111,0.0208239960232156
364.222222222222,0.0147436808373201
364.333333333333,0.00345516466031671
364.444444444444,0.00713804031446468
364.555555555556,0.00734388715957464
364.666666666667,0.00756142380980625
364.777777777778,0.00768239708647159
364.888888888889,0.0122370584877411
365,0.00984610957089898
365.111111111111,0.0074148129705015
365.222222222222,0.00256887070055862
365.333333333333,0.00921678283279161
365.444444444444,0.0121798243958329
365.555555555556,0.012790131554932
365.666666666667,0.00702671812837655
365.777777777778,0.0119649665145508
365.888888888889,0.00480778866681097
366,0.00520750597722116
366.111111111111,0.00896480064719677
366.222222222222,0.00985308594877308
366.333333333333,0.00539774638170263
366.444444444444,0.00321482321876198
366.555555555556,0.0104124675734192
366.666666666667,0.0137048745070984
366.777777777778,0.0105724699189694
366.888888888889,0.00807099368895736
367,0.00330604403060362
367.111111111111,0.00855170676110633
367.222222222222,0.0190748256048665
367.333333333333,0.0191198143993693
367.444444444444,0.00723963090635185
367.555555555556,0.00641435801152722
367.666666666667,0.0128612594923524
367.777777777778,0.0142455243852233
367.888888888889,0.004693336258198
368,0.0072717730958331
368.111111111111,0.00710650712812985
368.222222222222,0.0043196611001382
368.333333333333,0.00609810128657533
368.444444444444,0.00924130539286677
368.555555555556,0.0058217660234691
368.666666666667,0.00645120248662471
368.777777777778,0.00930529658694961
368.888888888889,0.00800444463147224
369,0.0186146705084832
369.111111111111,0.0113993858343569
369.222222222222,0.0132036652084149
369.333333333333,0.00949130743237864
369.444444444444,0.00852577392535561
369.555555555556,0.0201346514930236
369.666666666667,0.00519466596642467
369.777777777778,0.016772524613514
369.888888888889,0.0131041481693229
370,0.0123878295955231
370.111111111111,0.0137528845012812
370.222222222222,0.00696747494617117
370.333333333333,0.0192785305721027
370.444444444444,0.00374379915388043
370.555555555556,0.00809997961236887
370.666666666667,0.0171663784807332
370.777777777778,0.00567982146591486
370.888888888889,0.00738943877168714
371,0.0141062960769899
371.111111111111,0.00885771037651516
371.222222222222,0.00340842016666884
371.333333333333,0.009676694687779
371.444444444444,0.0079573125332497
371.555555555556,0.0115175482647785
371.666666666667,0.0113693291912862
371.777777777778,0.014847020238769
371.888888888889,0.0176689938295851
372,0.00950463070735331
372.111111111111,0.0256365442769579
372.222222222222,0.00712742028906112
372.333333333333,0.0195755796765209
372.444444444444,0.0356557076918699
372.555555555556,0.0155107848115319
372.666666666667,0.0114200228724602
372.777777777778,0.00756721301132194
372.888888888889,0.0158002595322728
373,0.034293130503688
373.111111111111,0.0310109568494552
373.222222222222,0.00760455055248598
373.333333333333,0.00820128801312149
373.444444444444,0.00533976140919957
373.555555555556,0.00768426234122297
373.666666666667,0.0159876814630971
373.777777777778,0.0120575612440522
373.888888888889,0.00921576461733305
374,0.00404210292827737
374.111111111111,0.0229270731550144
374.222222222222,0.0171232632589268
374.333333333333,0.0175811719926215
374.444444444444,0.0160104770178966
374.555555555556,0.0135215837589676
374.666666666667,0.00894555950860421
374.777777777778,0.0133829146110298
374.888888888889,0.0107872896664927
375,0.0023744529790072
375.111111111111,0.0247662750350507
375.222222222222,0.0220819656093855
375.333333333333,0.0185330266345634
375.444444444444,0.0119223079111689
375.555555555556,0.0230247443772692
375.666666666667,0.00387585713718135
375.777777777778,0.015093251035695
375.888888888889,0.0131310316466472
376,0.00484362358306449
376.111111111111,0.0033888186398083
376.222222222222,0.021917861440181
376.333333333333,0.0142579579645066
376.444444444444,0.0246691162786957
376.555555555556,0.00380874028997412
376.666666666667,0.0247518377289199
376.777777777778,0.0196677137778162
376.888888888889,0.00422625491098769
377,0.0146438218010451
377.111111111111,0.0119183247263812
377.222222222222,0.00588608954147705
377.333333333333,0.0073285760696816
377.444444444444,0.0119548830738437
377.555555555556,0.00881296430699029
377.666666666667,0.0277657419100769
377.777777777778,0.0233466146425843
377.888888888889,0.0159955436716162
378,0.00310514542560304
378.111111111111,0.01266670520314
378.222222222222,0.0163767955772966
378.333333333333,0.0215269224705843
378.444444444444,0.0161122408193181
378.555555555556,0.00885543746834978
378.666666666667,0.0124788116944958
378.777777777778,0.0142077602361824
378.888888888889,0.0078218923738279
379,0.021611936211103
379.111111111111,0.0209525018450533
379.222222222222,0.0186792175222953
379.333333333333,0.0328103861987347
379.444444444444,0.0231414880911923
379.555555555556,0.0131143893134829
379.666666666667,0.0260582037924167
379.777777777778,0.00756599978446394
379.888888888889,0.0109776883463681
380,0.00891641945575692
380.111111111111,0.00317441364869194
380.222222222222,0.0255566966330413
380.333333333333,0.0210426340891249
380.444444444444,0.00929063118657754
380.555555555556,0.0403525631294205
380.666666666667,0.0208850165431332
380.777777777778,0.00507105119556881
380.888888888889,0.0150032504432509
381,0.00931902113960853
381.111111111111,0.0249643467421414
381.222222222222,0.0209117792800867
381.333333333333,0.0243395761087673
381.444444444444,0.0252205081714709
381.555555555556,0.0224625893492683
381.666666666667,0.0101653249078032
381.777777777778,0.019353014139077
381.888888888889,0.0105108144520298
382,0.0367820033317936
382.111111111111,0.0188822343198483
382.222222222222,0.0230473342207848
382.333333333333,0.0276431539153302
382.444444444444,0.0129904132014552
382.555555555556,0.0211941792197605
382.666666666667,0.0235990049451127
382.777777777778,0.0237226931202771
382.888888888889,0.0186983046569356
383,0.0176655823110247
383.111111111111,0.0169849461025144
383.222222222222,0.0165797496171695
383.333333333333,0.0192655513140122
383.444444444444,0.00651272552378688
383.555555555556,0.013790243087094
383.666666666667,0.0234233682516228
383.777777777778,0.0167081497188447
383.888888888889,0.0490025808860118
384,0.0282460395059727
384.111111111111,0.00195991691258675
384.222222222222,0.0343673258038723
384.333333333333,0.0147679844059426
384.444444444444,0.0150437746685649
384.555555555556,0.0110250272499097
384.666666666667,0.00599497403508005
384.777777777778,0.0069239711564399
384.888888888889,0.0328911822854111
385,0.0100889973675146
385.111111111111,0.009581577021966
385.222222222222,0.00417111299929174
385.333333333333,0.0222253757134879
385.444444444444,0.0231844598438663
385.555555555556,0.00866022093277399
385.666666666667,0.0220838368078184
385.777777777778,0.0133738457710153
385.888888888889,0.0154562200009072
386,0.0334075641187235
386.111111111111,0.00388009185161874
386.222222222222,0.00655635615096116
386.333333333333,0.00512037382812636
386.444444444444,0.0206363304409638
386.555555555556,0.0239823984580504
386.666666666667,0.0148033996559044
386.777777777778,0.0122887562661337
386.888888888889,0.0451556724986511
387,0.0362280492002064
387.111111111111,0.0121845864426974
387.222222222222,0.0370946514025758
387.333333333333,0.0310955358842269
387.444444444444,0.033112276045903
387.555555555556,0.0147501457867239
387.666666666667,0.0126717302547148
387.777777777778,0.0161879130800345
387.888888888889,0.0310554188672132
388,0.0414325102247763
388.111111111111,0.0429860476459924
388.222222222222,0.0995361791458715
388.333333333333,0.175214222295521
388.444444444444,0.0363822290613512
388.555555555556,0.0255140711758138
388.666666666667,0.0178633133450495
388.777777777778,0.0256236184272642
388.888888888889,0.0162197117979825
389,0.0129629869209497
389.111111111111,0.0136005640881303
389.222222222222,0.0174053937837405
389.333333333333,0.00500149950052044
389.444444444444,0.0281386240510082
389.555555555556,0.0257768745955416
389.666666666667,0.0196919639104209
389.777777777778,0.00666730225881818
389.888888888889,0.0291667078603399
390,0.0239286953193221
390.111111111111,0.0187630361969414
390.222222222222,0.0621072079835553
390.333333333333,0.0837912379167121
390.444444444444,0.182950649844939
390.555555555556,0.0309111835879208
390.666666666667,0.0436961182058967
390.777777777778,0.069684735220735
390.888888888889,0.00647058010333279
391,0.0355976582570654
391.111111111111,0.0200205794232108
391.222222222222,0.00791530053112253
391.333333333333,0.0489292170613457
391.444444444444,0.0117622071710509
391.555555555556,0.0491395136956933
391.666666666667,0.00732491661022482
391.777777777778,0.0235400158080363
391.888888888889,0.0141556903321564
392,0.0288275007844348
392.111111111111,0.0398665981827339
392.222222222222,0.0163743216184192
392.333333333333,0.0210213695423067
392.444444444444,0.041528132436202
392.555555555556,0.0361960539115628
392.666666666667,0.0194816759330135
392.777777777778,0.0176581932348727
392.888888888889,0.0231227091054523
393,0.0248392506294274
393.111111111111,0.0179245946241827
393.222222222222,0.0330324169374584
393.333333333333,0.0308067436827638
393.444444444444,0.0283977848862579
393.555555555556,0.0269504794546736
393.666666666667,0.0700045254974031
393.777777777778,0.0244739797010484
393.888888888889,0.0598702968476461
394,0.0422390852234547
394.111111111111,0.0439994879346248
394.222222222222,0.0857940844290353
394.333333333333,0.0284653793815214
394.444444444444,0.026320075965726
394.555555555556,0.0500393999568108
394.666666666667,0.107626428897859
394.777777777778,0.0171440817379343
394.888888888889,0.0401857847946097
395,0.0414051804912428
395.111111111111,0.0257483554842311
395.222222222222,0.0271360809345502
395.333333333333,0.0414569311219896
395.444444444444,0.0196907195821716
395.555555555556,0.0688810951287065
395.666666666667,0.0943947405665894
395.777777777778,0.0797033111172354
395.888888888889,0.0464696116415936
396,0.0649657613930162
396.111111111111,0.0366337956166145
396.222222222222,0.0866050164896665
396.333333333333,0.112352257729788
396.444444444444,0.103186232130412
396.555555555556,0.111075723791157
396.666666666667,0.0489657612025379
396.777777777778,0.0642597531478167
396.888888888889,0.112779852445542
397,0.106276753308315
397.111111111111,0.181776980617187
397.222222222222,0.112281071773622
397.333333333333,0.137207646310664
397.444444444444,0.107884383666006
397.555555555556,0.313537621311684
397.666666666667,0.154978908559902
397.777777777778,0.0736559366335535
397.888888888889,0.0865267894076851
398,0.128948375953801
398.111111111111,0.102643972567027
398.222222222222,0.0631548150120696
398.333333333333,0.0216260821047021
398.444444444444,0.0547998778062872
398.555555555556,0.0231909731194842
398.666666666667,0.022799782475419
398.777777777778,0.0714553829970002
398.888888888889,0.0872196656738811
399,0.170039596979923
399.111111111111,0.18295450290877
399.222222222222,1
399.333333333333,0.193376215255367
399.444444444444,0.101550056895933
399.555555555556,0.10080523509304
399.666666666667,0.10043338691781
399.777777777778,0.0933640747760754
399.888888888889,0.0559665380851742
